일자,전체사용자,신규사용자,오늘사용자,전체 채팅세션,오늘 신규 채팅세션,전체채팅/전체사용자,오늘채팅/오늘사용자,오늘사용자/전체사용자,
2025-04-23 0:00,1789,8,38,2901,30,1.62,0.79,,,
2025-04-23 0:00,1789,8,38,2901,30,1.62,0.79,,,
2025-04-23 0:00,1789,8,39,2901,30,1.62,0.77,,,
2025-04-23 0:00,1791,10,43,2906,35,1.62,0.81,,,
2025-04-23 0:00,1797,16,57,2913,42,1.62,0.74,0.032,,
2025-04-23 0:00,1816,35,107,2934,63,1.62,0.59,0.059,,
2025-04-23 9:50,1833,52,151,2955,84,1.61,0.56,0.082,,
2025-04-23 10:50,1838,57,173,2977,106,1.62,0.61,0.094,,
2025-04-23 11:50,1846,65,201,3008,137,1.63,0.68,0.109,,
2025-04-23 12:50,1856,75,215,3025,154,1.63,0.72,0.116,,
2025-04-23 13:50,1865,84,232,3047,176,1.63,0.76,0.124,,
2025-04-23 14:50,1867,86,247,3056,185,1.64,0.75,0.132,,
2025-04-23 15:50,1880,99,269,3076,205,1.64,0.76,0.143,,
2025-04-23 16:50,1890,109,296,3111,240,1.65,0.81,0.157,,
2025-04-23 17:50,1893,112,305,3123,252,1.65,0.83,0.161,,
2025-04-23 18:50,1899,118,317,3131,260,1.65,0.82,0.167,,
2025-04-23 19:50,1905,124,330,3143,272,1.65,0.82,0.173,,
2025-04-23 20:50,1912,131,339,3159,288,1.65,0.85,0.177,,
2025-04-23 21:50,1921,140,355,3177,306,1.65,0.86,0.185,,
2025-04-23 22:50,1923,142,366,3188,317,1.66,0.87,0.190,,
2025-04-23 23:50,1927,146,374,3203,332,1.66,0.89,0.194,,
2025-04-24 0:50,1929,2,7,3205,2,1.66,0.29,0.004,,
2025-04-24 1:50,1930,3,17,3210,7,1.66,0.41,0.009,,
2025-04-24 2:50,1931,4,18,3211,8,1.66,0.44,0.009,,
2025-04-24 3:50,1933,6,21,3213,10,1.66,0.48,0.011,,
2025-04-24 4:50,1933,6,24,3215,12,1.66,0.50,0.012,,
2025-04-24 5:50,1933,6,24,3215,12,1.66,0.50,0.012,,
2025-04-24 6:50,1934,7,29,3217,14,1.66,0.48,0.015,,
2025-04-24 7:50,1937,10,40,3225,22,1.66,0.55,0.021,,
2025-04-24 8:50,1939,12,54,3231,28,1.67,0.52,0.028,,
2025-04-24 9:50,1945,18,77,3244,41,1.67,0.53,0.040,,
2025-04-24 10:50,1946,19,98,3267,64,1.68,0.65,0.050,,
2025-04-24 11:50,1946,19,107,3286,83,1.69,0.78,0.055,,
2025-04-24 12:50,1948,21,118,3301,98,1.69,0.83,0.061,,
2025-04-24 13:50,1948,21,126,3312,109,1.70,0.87,0.065,,
2025-04-24 14:50,1951,24,135,3330,127,1.71,0.94,0.069,,
2025-04-24 15:50,1954,27,150,3349,146,1.71,0.97,0.077,,
2025-04-24 16:50,1954,27,157,3371,168,1.73,1.07,0.080,,
2025-04-24 17:50,1957,30,169,3379,176,1.73,1.04,0.086,,
2025-04-24 18:50,1970,43,190,3406,203,1.73,1.07,0.096,,
2025-04-24 19:50,1980,53,214,3428,225,1.73,1.05,0.108,,
2025-04-24 20:50,1988,61,227,3436,233,1.73,1.03,0.114,,
2025-04-24 21:50,1992,65,236,3448,245,1.73,1.04,0.118,,
2025-04-24 22:50,2003,76,253,3459,256,1.73,1.01,0.126,,
2025-04-24 23:50,2008,81,265,3480,277,1.73,1.05,0.132,,
2025-04-25 0:50,2015,7,10,3489,7,1.73,0.70,0.005,,
2025-04-25 1:50,2020,12,19,3490,8,1.73,0.42,0.009,,
2025-04-25 2:50,2022,14,24,3491,9,1.73,0.38,0.012,,
2025-04-25 3:50,2023,15,29,3493,11,1.73,0.38,0.014,,
2025-04-25 4:50,2025,17,33,3496,14,1.73,0.42,0.016,,
2025-04-25 5:50,2026,18,34,3496,14,1.73,0.41,0.017,,
2025-04-25 6:50,2031,23,46,3508,26,1.73,0.57,0.023,,
2025-04-25 7:50,2038,30,67,3518,36,1.73,0.54,0.033,,
2025-04-25 8:50,2043,35,86,3524,42,1.72,0.49,0.042,,
2025-04-25 9:50,2046,38,104,3534,52,1.73,0.50,0.051,,
2025-04-25 10:50,2048,40,121,3550,68,1.73,0.56,0.059,,
2025-04-25 11:50,2051,43,133,3558,76,1.73,0.57,0.065,,
2025-04-25 13:50,2059,51,157,3575,93,1.74,0.59,0.076,,
2025-04-25 14:50,2082,74,198,3601,119,1.73,0.60,0.095,,
2025-04-25 15:50,2091,83,216,3626,144,1.73,0.67,0.103,,
2025-04-25 16:50,2096,88,231,3648,166,1.74,0.72,0.110,,
2025-04-25 17:50,2109,101,253,3678,196,1.74,0.77,0.120,,
2025-04-25 18:50,2111,103,264,3692,210,1.75,0.80,0.125,,
2025-04-25 19:50,2114,106,273,3701,219,1.75,0.80,0.129,,
2025-04-25 20:50,2121,113,283,3708,226,1.75,0.80,0.133,,
2025-04-25 21:50,2128,120,297,3721,239,1.75,0.80,0.140,,
2025-04-25 22:50,2131,123,304,3736,254,1.75,0.84,0.143,,
2025-04-25 23:50,2138,130,317,3748,266,1.75,0.84,0.148,,
2025-04-26 0:50,2142,3,12,3760,9,1.76,0.75,0.006,,
2025-04-26 1:50,2142,3,16,3761,10,1.76,0.63,0.007,,
2025-04-26 2:50,2142,3,18,3761,10,1.76,0.56,0.008,,
2025-04-26 3:50,2142,3,18,3761,10,1.76,0.56,0.008,,
2025-04-26 4:50,2142,3,19,3762,11,1.76,0.58,0.009,,
2025-04-26 5:50,2142,3,20,3762,11,1.76,0.55,0.009,,
2025-04-26 6:50,2144,5,25,3764,13,1.76,0.52,0.012,,
2025-04-26 7:50,2145,6,29,3770,19,1.76,0.66,0.014,,
2025-04-26 8:50,2147,8,40,3775,24,1.76,0.60,0.019,,
2025-04-27 13:50,2214,31,86,3932,45,1.78,0.52,0.039,,
2025-04-27 14:50,2216,33,93,3938,51,1.78,0.55,0.042,,
2025-04-27 15:50,2218,35,99,3949,62,1.78,0.63,0.045,,
2025-04-27 16:50,2220,37,108,3964,77,1.79,0.71,0.049,,
2025-04-27 17:50,2226,43,120,3976,89,1.79,0.74,0.054,,
2025-04-27 18:50,2230,47,129,3986,99,1.79,0.77,0.058,,
2025-04-27 19:50,2232,49,134,3990,103,1.79,0.77,0.060,,
2025-04-27 20:50,2236,53,146,4003,116,1.79,0.79,0.065,,
2025-04-27 21:50,2238,55,151,4016,129,1.79,0.85,0.067,,
2025-04-27 22:50,2238,55,151,4034,147,1.80,0.97,0.067,,
2025-04-27 23:50,2242,59,161,4047,160,1.81,0.99,0.072,,
2025-04-28 0:50,2245,1,8,4065,13,1.81,1.63,0.004,,
2025-04-28 1:50,2246,2,13,4074,22,1.81,1.69,0.006,,
2025-04-28 2:50,2246,2,14,4074,22,1.81,1.57,0.006,,
2025-04-28 3:50,2248,4,18,4079,27,1.81,1.50,0.008,,
2025-04-28 4:50,2249,5,19,4080,28,1.81,1.47,0.008,,
2025-04-28 5:50,2249,5,19,4080,28,1.81,1.47,0.008,,
2025-04-28 6:50,2251,7,28,4089,37,1.82,1.32,0.012,,
2025-04-28 7:50,2254,10,43,4094,42,1.82,0.98,0.019,,
2025-04-28 8:50,2255,11,62,4099,47,1.82,0.76,0.027,,
2025-04-28 9:50,2258,14,82,4105,53,1.82,0.65,0.036,,
2025-04-28 10:50,2258,14,95,4111,59,1.82,0.62,0.042,,
2025-04-28 11:50,2258,14,104,4119,67,1.82,0.64,0.046,,
2025-04-28 12:50,2258,14,111,4121,69,1.83,0.62,0.049,,
2025-04-28 13:50,2261,17,122,4132,80,1.83,0.66,0.054,,
2025-04-28 14:50,2265,21,130,4138,86,1.83,0.66,0.057,,
2025-04-28 15:50,2265,21,141,4143,91,1.83,0.65,0.062,,
2025-04-28 16:50,2272,28,155,4158,106,1.83,0.68,0.068,,
2025-04-28 17:50,2276,32,165,4172,120,1.83,0.73,0.072,,
2025-04-28 18:50,2276,32,174,4179,127,1.84,0.73,0.076,,
2025-04-28 19:50,2276,32,177,4184,132,1.84,0.75,0.078,,
2025-04-28 20:50,2279,35,190,4189,137,1.84,0.72,0.083,,
2025-04-28 21:50,2281,37,200,4194,142,1.84,0.71,0.088,,
2025-04-28 22:50,2286,42,216,4210,158,1.84,0.73,0.094,,
2025-04-28 23:50,2287,43,227,4230,178,1.85,0.78,0.099,,
2025-04-29 0:50,2288,1,11,4230,0,1.85,0.00,0.005,,
2025-04-29 1:50,2289,2,15,4230,0,1.85,0.00,0.007,,
2025-04-29 2:50,2290,3,17,4230,0,1.85,0.00,0.007,,
2025-04-29 3:50,2290,3,17,4230,0,1.85,0.00,0.007,,
2025-04-29 4:50,2290,3,20,4231,1,1.85,0.05,0.009,,
2025-04-29 5:50,2290,3,22,4232,2,1.85,0.09,0.010,,
2025-04-29 6:50,2290,3,27,4233,3,1.85,0.11,0.012,,
2025-04-29 7:50,2291,4,32,4236,6,1.85,0.19,0.014,,
2025-04-29 8:50,2295,8,54,4246,16,1.85,0.30,0.024,,
2025-04-29 9:50,2300,13,77,4260,30,1.85,0.39,0.033,,
2025-04-29 10:50,2302,15,88,4273,43,1.86,0.49,0.038,,
2025-04-29 11:50,2303,16,103,4281,51,1.86,0.50,0.045,,
2025-04-29 12:50,2306,19,116,4287,57,1.86,0.49,0.050,,
2025-04-29 13:50,2306,19,124,4292,62,1.86,0.50,0.054,,
2025-04-29 14:50,2307,20,129,4301,71,1.86,0.55,0.056,,
2025-04-29 15:50,2309,22,142,4314,84,1.87,0.59,0.061,,
2025-04-29 16:50,2311,24,154,4325,95,1.87,0.62,0.067,,
2025-04-29 17:50,2311,24,159,4331,101,1.87,0.64,0.069,,
2025-04-29 18:50,2313,26,166,4339,109,1.88,0.66,0.072,,
2025-04-29 19:50,2315,28,174,4345,115,1.88,0.66,0.075,,
2025-04-29 20:50,2319,32,182,4350,120,1.88,0.66,0.078,,
2025-04-29 21:50,2337,50,213,4364,134,1.87,0.63,0.091,,
2025-04-29 22:50,2343,56,225,4375,145,1.87,0.64,0.096,,
2025-04-29 23:50,2346,59,236,4382,152,1.87,0.64,0.101,,
2025-04-30 0:50,2348,2,13,4392,9,1.87,0.69,0.006,,
2025-04-30 1:50,2351,5,21,4396,13,1.87,0.62,0.009,,
2025-04-30 2:50,2351,5,23,4398,15,1.87,0.65,0.010,,
2025-04-30 3:50,2351,5,24,4398,15,1.87,0.63,0.010,,
2025-04-30 4:50,2351,5,25,4400,17,1.87,0.68,0.011,,
2025-04-30 5:50,2351,5,26,4401,18,1.87,0.69,0.011,,
2025-04-30 6:50,2352,6,34,4409,26,1.87,0.76,0.014,,
2025-04-30 7:50,2352,6,38,4412,29,1.88,0.76,0.016,,
2025-04-30 8:50,2354,8,58,4418,35,1.88,0.60,0.025,,
2025-04-30 9:50,2358,12,78,4424,41,1.88,0.53,0.033,,
2025-04-30 10:50,2361,15,96,4436,53,1.88,0.55,0.041,,
2025-04-30 11:50,2363,17,105,4443,60,1.88,0.57,0.044,,
2025-04-30 12:50,2363,17,112,4449,66,1.88,0.59,0.047,,
2025-04-30 13:50,2365,19,123,4457,74,1.88,0.60,0.052,,
2025-04-30 14:50,2365,19,125,4459,76,1.89,0.61,0.053,,
2025-04-30 15:50,2367,21,141,4465,82,1.89,0.58,0.060,,
2025-04-30 16:50,2370,24,149,4474,91,1.89,0.61,0.063,,
2025-04-30 17:50,2373,27,157,4485,102,1.89,0.65,0.066,,
2025-04-30 18:50,2373,27,159,4490,107,1.89,0.67,0.067,,
2025-04-30 19:50,2374,28,168,4495,112,1.89,0.67,0.071,,
2025-04-30 20:50,2382,36,183,4507,124,1.89,0.68,0.077,,
2025-04-30 21:50,2384,38,187,4509,126,1.89,0.67,0.078,,
2025-04-30 22:50,2385,39,194,4510,127,1.89,0.65,0.081,,
2025-04-30 23:50,2385,39,197,4512,129,1.89,0.65,0.083,,
2025-05-01 0:50,2387,2,6,4523,10,1.89,1.67,0.003,,
2025-05-01 1:50,2387,2,8,4524,11,1.90,1.38,0.003,,
2025-05-01 2:50,2387,2,9,4524,11,1.90,1.22,0.004,,
2025-05-01 3:50,2387,2,12,4524,11,1.90,0.92,0.005,,
2025-05-01 4:50,2389,4,15,4527,14,1.89,0.93,0.006,,
2025-05-01 5:50,2390,5,16,4527,14,1.89,0.88,0.007,,
2025-05-01 6:50,2390,5,16,4528,15,1.89,0.94,0.007,,
2025-05-01 7:50,2391,6,21,4528,15,1.89,0.71,0.009,,
2025-05-01 8:50,2391,6,27,4531,18,1.90,0.67,0.011,,
2025-05-01 9:50,2393,8,36,4536,23,1.90,0.64,0.015,,
2025-05-01 10:50,2397,12,46,4550,37,1.90,0.80,0.019,,
2025-05-01 11:50,2400,15,54,4554,41,1.90,0.76,0.023,,
2025-05-01 12:50,2403,18,63,4557,44,1.90,0.70,0.026,,
2025-05-01 13:51,2405,20,68,4561,48,1.90,0.71,0.028,,
2025-05-01 14:51,2405,20,73,4565,52,1.90,0.71,0.030,,
2025-05-01 15:51,2406,21,77,4568,55,1.90,0.71,0.032,,
2025-05-01 16:50,2413,28,92,4585,72,1.90,0.78,0.038,,
2025-05-01 17:50,2416,31,103,4591,78,1.90,0.76,0.043,,
2025-05-01 18:50,2421,36,110,4597,84,1.90,0.76,0.045,,
2025-05-01 19:50,2424,39,118,4606,93,1.90,0.79,0.049,,
2025-05-01 20:50,2431,46,132,4622,109,1.90,0.83,0.054,,
2025-05-01 21:50,2437,52,147,4634,121,1.90,0.82,0.060,,
2025-05-01 22:50,2443,58,156,4641,128,1.90,0.82,0.064,,
2025-05-01 23:50,2446,61,164,4650,137,1.90,0.84,0.067,,
2025-05-02 0:50,2446,0,2,4652,1,1.90,0.50,0.001,,
2025-05-02 1:50,2448,2,9,4653,2,1.90,0.22,0.004,,
2025-05-02 2:50,2448,2,9,4653,2,1.90,0.22,0.004,,
2025-05-02 3:50,2448,2,10,4653,2,1.90,0.20,0.004,,
2025-05-02 4:50,2450,4,13,4657,6,1.90,0.46,0.005,,
2025-05-02 5:50,2450,4,14,4657,6,1.90,0.43,0.006,,
2025-05-02 6:50,2451,5,20,4659,8,1.90,0.40,0.008,,
2025-05-02 7:50,2452,6,26,4660,9,1.90,0.35,0.011,,
2025-05-02 8:50,2454,8,36,4666,15,1.90,0.42,0.015,,
2025-05-02 9:50,2456,10,52,4668,17,1.90,0.33,0.021,,
2025-05-02 10:50,2460,14,66,4675,24,1.90,0.36,0.027,,
2025-05-02 11:50,2463,17,84,4689,38,1.90,0.45,0.034,,
2025-05-02 12:50,2464,18,91,4693,42,1.90,0.46,0.037,,
2025-05-02 13:50,2464,18,96,4697,46,1.91,0.48,0.039,,
2025-05-02 14:50,2466,20,107,4702,51,1.91,0.48,0.043,,
2025-05-02 15:50,2466,20,115,4708,57,1.91,0.50,0.047,,
2025-05-02 16:50,2467,21,120,4709,58,1.91,0.48,0.049,,
2025-05-02 17:50,2467,21,124,4720,69,1.91,0.56,0.050,,
2025-05-02 18:50,2469,23,131,4728,77,1.91,0.59,0.053,,
2025-05-02 19:50,2469,23,135,4733,82,1.92,0.61,0.055,,
2025-05-02 20:50,2470,24,138,4739,88,1.92,0.64,0.056,,
2025-05-02 21:50,2471,25,142,4743,92,1.92,0.65,0.057,,
2025-05-02 22:50,2474,28,146,4743,92,1.92,0.63,0.059,,
2025-05-02 23:50,2478,32,154,4747,96,1.92,0.62,0.062,,
2025-05-03 0:50,2478,0,4,4747,0,1.92,0.00,0.002,,
2025-05-03 1:50,2478,0,4,4747,0,1.92,0.00,0.002,,
2025-05-03 2:50,2478,0,7,4748,1,1.92,0.14,0.003,,
2025-05-03 3:50,2478,0,8,4748,1,1.92,0.13,0.003,,
2025-05-03 4:50,2478,0,8,4748,1,1.92,0.13,0.003,,
2025-05-03 5:50,2478,0,8,4748,1,1.92,0.13,0.003,,
2025-05-03 6:50,2478,0,8,4748,1,1.92,0.13,0.003,,
2025-05-03 7:50,2478,0,9,4748,1,1.92,0.11,0.004,,
2025-05-03 8:50,2478,0,11,4749,2,1.92,0.18,0.004,,
2025-05-03 9:50,2478,0,21,4753,6,1.92,0.29,0.008,,
2025-05-03 10:50,2478,0,24,4755,8,1.92,0.33,0.010,,
2025-05-03 11:50,2479,1,27,4756,9,1.92,0.33,0.011,,
2025-05-03 12:50,2482,4,32,4772,25,1.92,0.78,0.013,,
2025-05-03 13:50,2483,5,35,4777,30,1.92,0.86,0.014,,
2025-05-03 14:50,2484,6,39,4779,32,1.92,0.82,0.016,,
2025-05-03 15:50,2485,7,46,4783,36,1.92,0.78,0.019,,
2025-05-03 16:50,2488,10,51,4786,39,1.92,0.76,0.020,,
2025-05-03 17:50,2490,12,56,4790,43,1.92,0.77,0.022,,
2025-05-03 18:50,2492,14,62,4794,47,1.92,0.76,0.025,,
2025-05-03 19:50,2493,15,70,4797,50,1.92,0.71,0.028,,
2025-05-03 20:50,2494,16,74,4798,51,1.92,0.69,0.030,,
2025-05-03 21:51,2495,17,78,4802,55,1.92,0.71,0.031,,
2025-05-03 22:50,2495,17,83,4802,55,1.92,0.66,0.033,,
2025-05-03 23:50,2495,17,85,4802,55,1.92,0.65,0.034,,
2025-05-04 0:50,2496,1,4,4805,2,1.93,0.50,0.002,,
2025-05-04 1:50,2497,2,5,4807,4,1.93,0.80,0.002,,
2025-05-04 2:50,2497,2,5,4807,4,1.93,0.80,0.002,,
2025-05-04 3:51,2497,2,5,4807,4,1.93,0.80,0.002,,
2025-05-04 4:50,2498,3,6,4808,5,1.92,0.83,0.002,,
2025-05-04 5:50,2498,3,6,4808,5,1.92,0.83,0.002,,
2025-05-04 6:50,2498,3,7,4808,5,1.92,0.71,0.003,,
2025-05-04 7:50,2499,4,8,4809,6,1.92,0.75,0.003,,
2025-05-04 8:50,2501,6,11,4813,10,1.92,0.91,0.004,,
2025-05-04 9:50,2501,6,11,4813,10,1.92,0.91,0.004,,
2025-05-04 10:50,2502,7,17,4815,12,1.92,0.71,0.007,,
2025-05-04 11:50,2502,7,22,4818,15,1.93,0.68,0.009,,
2025-05-04 12:50,2502,7,28,4825,22,1.93,0.79,0.011,,
2025-05-04 13:50,2502,7,31,4829,26,1.93,0.84,0.012,,
2025-05-04 14:50,2502,7,33,4831,28,1.93,0.85,0.013,,
2025-05-04 15:50,2505,10,39,4836,33,1.93,0.85,0.016,,
2025-05-04 16:50,2507,12,44,4845,42,1.93,0.95,0.018,,
2025-05-04 17:50,2507,12,50,4849,46,1.93,0.92,0.020,,
2025-05-04 18:50,2507,12,54,4851,48,1.93,0.89,0.022,,
2025-05-04 19:50,2507,12,58,4854,51,1.94,0.88,0.023,,
2025-05-04 20:50,2508,13,64,4855,52,1.94,0.81,0.026,,
2025-05-04 21:50,2511,16,69,4860,57,1.94,0.83,0.027,,
2025-05-04 22:50,2512,17,70,4862,59,1.94,0.84,0.028,,
2025-05-04 23:50,2515,20,77,4867,64,1.94,0.83,0.031,,
2025-05-05 0:50,2515,0,5,4868,1,1.94,0.20,0.002,,
2025-05-05 1:50,2515,0,6,4868,1,1.94,0.17,0.002,,
2025-05-05 2:50,2515,0,8,4869,2,1.94,0.25,0.003,,
2025-05-05 3:50,2515,0,9,4869,2,1.94,0.22,0.004,,
2025-05-05 4:50,2515,0,10,4869,2,1.94,0.20,0.004,,
2025-05-05 5:50,2515,0,10,4869,2,1.94,0.20,0.004,,
2025-05-05 6:50,2515,0,11,4869,2,1.94,0.18,0.004,,
2025-05-05 7:50,2515,0,12,4869,2,1.94,0.17,0.005,,
2025-05-05 8:50,2515,0,13,4871,4,1.94,0.31,0.005,,
2025-05-05 9:50,2515,0,15,4876,9,1.94,0.60,0.006,,
2025-05-05 10:50,2516,1,21,4891,24,1.94,1.14,0.008,,
2025-05-05 11:50,2516,1,27,4895,28,1.95,1.04,0.011,,
2025-05-05 12:50,2516,1,32,4900,33,1.95,1.03,0.013,,
2025-05-05 13:50,2516,1,36,4904,37,1.95,1.03,0.014,,
2025-05-05 14:50,2516,1,39,4904,37,1.95,0.95,0.016,,
2025-05-05 15:50,2518,3,45,4909,42,1.95,0.93,0.018,,
2025-05-05 16:50,2520,5,52,4917,50,1.95,0.96,0.021,,
2025-05-05 17:50,2521,6,56,4925,58,1.95,1.04,0.022,,
2025-05-05 18:50,2521,6,59,4925,58,1.95,0.98,0.023,,
2025-05-05 19:50,2522,7,64,4931,64,1.96,1.00,0.025,,
2025-05-05 20:50,2523,8,68,4934,67,1.96,0.99,0.027,,
2025-05-05 21:50,2523,8,73,4935,68,1.96,0.93,0.029,,
2025-05-05 22:50,2525,10,77,4940,73,1.96,0.95,0.030,,
2025-05-05 23:50,2526,11,84,4949,82,1.96,0.98,0.033,,
2025-05-06 0:50,2526,0,3,4955,6,1.96,2.00,0.001,,
2025-05-06 1:50,2527,1,7,4957,8,1.96,1.14,0.003,,
2025-05-06 2:51,2527,1,9,4957,8,1.96,0.89,0.004,,
2025-05-06 3:50,2527,1,10,4957,8,1.96,0.80,0.004,,
2025-05-06 4:50,2527,1,12,4959,10,1.96,0.83,0.005,,
2025-05-06 5:50,2527,1,13,4959,10,1.96,0.77,0.005,,
2025-05-06 6:50,2527,1,13,4959,10,1.96,0.77,0.005,,
2025-05-06 7:50,2527,1,15,4960,11,1.96,0.73,0.006,,
2025-05-06 8:50,2527,1,19,4961,12,1.96,0.63,0.008,,
2025-05-06 9:50,2527,1,21,4962,13,1.96,0.62,0.008,,
2025-05-06 10:50,2527,1,27,4965,16,1.96,0.59,0.011,,
2025-05-06 11:50,2530,4,33,4970,21,1.96,0.64,0.013,,
2025-05-06 12:50,2532,6,43,4978,29,1.97,0.67,0.017,,
2025-05-06 13:50,2533,7,48,4982,33,1.97,0.69,0.019,,
2025-05-06 14:50,2537,11,56,4986,37,1.97,0.66,0.022,,
2025-05-06 15:50,2539,13,64,4995,46,1.97,0.72,0.025,,
2025-05-06 16:50,2542,16,69,5002,53,1.97,0.77,0.027,,
2025-05-06 17:50,2542,16,79,5013,64,1.97,0.81,0.031,,
2025-05-06 18:50,2543,17,87,5020,71,1.97,0.82,0.034,,
2025-05-06 19:50,2543,17,92,5026,77,1.98,0.84,0.036,,
2025-05-06 20:50,2543,17,98,5029,80,1.98,0.82,0.039,,
2025-05-06 21:50,2560,34,125,5044,95,1.97,0.76,0.049,,
2025-05-06 22:50,2582,56,161,5061,112,1.96,0.70,0.062,,
2025-05-06 23:50,2593,67,191,5086,137,1.96,0.72,0.074,,
2025-05-07 0:50,2595,1,11,5091,3,1.96,0.27,0.004,,
2025-05-07 1:50,2598,4,23,5094,6,1.96,0.26,0.009,,
2025-05-07 2:50,2599,5,25,5094,6,1.96,0.24,0.010,,
2025-05-07 3:50,2599,5,26,5095,7,1.96,0.27,0.010,,
2025-05-07 4:50,2599,5,26,5096,8,1.96,0.31,0.010,,
2025-05-07 5:50,2599,5,27,5097,9,1.96,0.33,0.010,,
2025-05-07 6:50,2602,8,33,5102,14,1.96,0.42,0.013,,
2025-05-07 7:50,2608,14,46,5112,24,1.96,0.52,0.018,,
2025-05-07 8:50,2610,16,57,5117,29,1.96,0.51,0.022,,
2025-05-07 9:50,2614,20,72,5120,32,1.96,0.44,0.028,,
2025-05-07 10:50,2615,21,86,5125,37,1.96,0.43,0.033,,
2025-05-07 11:50,2616,22,99,5133,45,1.96,0.45,0.038,,
2025-05-07 12:50,2618,24,109,5141,53,1.96,0.49,0.042,,
2025-05-07 13:50,2619,25,116,5145,57,1.96,0.49,0.044,,
2025-05-07 14:50,2625,31,129,5150,62,1.96,0.48,0.049,,
2025-05-07 15:50,2626,32,135,5156,68,1.96,0.50,0.051,,
2025-05-07 16:50,2628,34,143,5166,78,1.97,0.55,0.054,,
2025-05-07 17:50,2629,35,151,5176,88,1.97,0.58,0.057,,
2025-05-07 18:50,2634,40,167,5184,96,1.97,0.57,0.063,,
2025-05-07 19:50,2638,44,177,5196,108,1.97,0.61,0.067,,
2025-05-07 20:50,2643,49,189,5197,109,1.97,0.58,0.072,,
2025-05-07 21:50,2652,58,217,5215,127,1.97,0.59,0.082,,
2025-05-07 22:50,2677,83,262,5244,156,1.96,0.60,0.098,,
2025-05-07 23:50,2689,95,284,5253,165,1.95,0.58,0.106,,
2025-05-08 0:50,2700,7,17,5268,10,1.95,0.59,0.006,,
2025-05-08 1:50,2704,11,26,5276,18,1.95,0.69,0.010,,
2025-05-08 2:50,2705,12,35,5281,23,1.95,0.66,0.013,,
2025-05-08 3:50,2705,12,37,5281,23,1.95,0.62,0.014,,
2025-05-08 4:50,2706,13,38,5281,23,1.95,0.61,0.014,,
2025-05-08 5:50,2708,15,43,5283,25,1.95,0.58,0.016,,
2025-05-08 6:50,2711,18,54,5289,31,1.95,0.57,0.020,,
2025-05-08 7:50,2721,28,75,5304,46,1.95,0.61,0.028,,
2025-05-08 8:52,2730,37,99,5318,60,1.95,0.61,0.036,,
2025-05-08 9:50,2741,48,124,5326,68,1.94,0.55,0.045,,
2025-05-08 10:50,2745,52,144,5342,84,1.95,0.58,0.052,,
2025-05-08 11:51,2748,55,163,5360,102,1.95,0.63,0.059,,
2025-05-08 12:50,2752,59,175,5370,112,1.95,0.64,0.064,,
2025-05-08 13:50,2756,63,185,5387,129,1.95,0.70,0.067,,
2025-05-08 14:50,2762,69,203,5403,145,1.96,0.71,0.073,,
2025-05-08 15:50,2764,71,216,5418,160,1.96,0.74,0.078,,
2025-05-08 16:51,2766,73,230,5438,180,1.97,0.78,0.083,,
2025-05-08 17:50,2775,82,250,5456,198,1.97,0.79,0.090,,
2025-05-08 18:50,2779,86,266,5478,220,1.97,0.83,0.096,,
2025-05-08 19:51,2782,89,277,5485,227,1.97,0.82,0.100,,
2025-05-08 20:50,2792,99,292,5507,249,1.97,0.85,0.105,,
2025-05-08 21:50,2797,104,303,5516,258,1.97,0.85,0.108,,
2025-05-08 22:50,2803,110,317,5529,271,1.97,0.85,0.113,,
2025-05-08 23:50,2806,113,332,5540,282,1.97,0.85,0.118,,
2025-05-09 0:50,2811,4,13,5554,14,1.98,1.08,0.005,,
2025-05-09 1:50,2813,6,22,5557,17,1.98,0.77,0.008,,
2025-05-09 2:50,2814,7,27,5563,23,1.98,0.85,0.010,,
2025-05-09 3:50,2814,7,29,5565,25,1.98,0.86,0.010,,
2025-05-09 4:50,2814,7,30,5565,25,1.98,0.83,0.011,,
2025-05-09 5:50,2814,7,34,5568,28,1.98,0.82,0.012,,
2025-05-09 6:50,2814,7,39,5573,33,1.98,0.85,0.014,,
2025-05-09 7:50,2814,7,43,5576,36,1.98,0.84,0.015,,
2025-05-09 8:50,2817,10,54,5580,40,1.98,0.74,0.019,,
2025-05-09 9:51,2821,14,70,5593,53,1.98,0.76,0.025,,
2025-05-09 10:50,2825,18,90,5605,65,1.98,0.72,0.032,,
2025-05-09 11:50,2828,21,99,5610,70,1.98,0.71,0.035,,
2025-05-09 12:51,2834,27,116,5622,82,1.98,0.71,0.041,,
2025-05-09 13:50,2840,33,131,5635,95,1.98,0.73,0.046,,
2025-05-09 14:50,2844,37,144,5645,105,1.98,0.73,0.051,,
2025-05-09 15:51,2849,42,159,5659,119,1.99,0.75,0.056,,
2025-05-09 16:51,2863,56,188,5673,133,1.98,0.71,0.066,,
2025-05-09 17:50,2888,81,233,5716,176,1.98,0.76,0.081,,
2025-05-09 18:50,2895,88,247,5731,191,1.98,0.77,0.085,,
2025-05-09 19:50,2902,95,260,5734,194,1.98,0.75,0.090,,
2025-05-09 20:50,2922,115,291,5761,221,1.97,0.76,0.100,,
2025-05-09 21:50,2928,121,308,5773,233,1.97,0.76,0.105,,
2025-05-09 22:50,2930,123,315,5778,238,1.97,0.76,0.108,,
2025-05-09 23:50,2948,141,341,5797,257,1.97,0.75,0.116,,
2025-05-10 0:50,2955,6,15,5812,10,1.97,0.67,0.005,,
2025-05-10 1:50,2961,12,27,5823,21,1.97,0.78,0.009,,
2025-05-10 2:50,2962,13,28,5825,23,1.97,0.82,0.009,,
2025-05-10 3:50,2964,15,31,5825,23,1.97,0.74,0.010,,
2025-05-10 4:50,2964,15,32,5826,24,1.97,0.75,0.011,,
2025-05-10 5:50,2966,17,35,5827,25,1.96,0.71,0.012,,
2025-05-10 6:50,2968,19,40,5828,26,1.96,0.65,0.013,,
2025-05-10 7:50,2970,21,47,5832,30,1.96,0.64,0.016,,
2025-05-10 8:50,2971,22,57,5842,40,1.97,0.70,0.019,,
2025-05-10 9:50,2978,29,69,5849,47,1.96,0.68,0.023,,
2025-05-10 10:50,2984,35,85,5866,64,1.97,0.75,0.028,,
2025-05-10 11:50,2992,43,104,5874,72,1.96,0.69,0.035,,
2025-05-10 12:50,2996,47,116,5882,80,1.96,0.69,0.039,,
2025-05-10 13:50,3001,52,134,5896,94,1.96,0.70,0.045,,
2025-05-10 14:50,3017,68,167,5908,106,1.96,0.63,0.055,,
2025-05-10 15:50,3059,110,236,5974,172,1.95,0.73,0.077,,
2025-05-10 16:50,3099,150,291,6022,220,1.94,0.76,0.094,,
2025-05-10 17:50,3137,188,351,6073,271,1.94,0.77,0.112,,
2025-05-10 18:50,3150,201,374,6093,291,1.93,0.78,0.119,,
2025-05-10 19:50,3189,240,422,6151,349,1.93,0.83,0.132,,
2025-05-10 20:50,3214,265,457,6189,387,1.93,0.85,0.142,,
2025-05-10 21:51,3236,287,488,6222,420,1.92,0.86,0.151,,
2025-05-10 22:50,3257,308,523,6251,449,1.92,0.86,0.161,,
2025-05-10 23:50,3285,336,560,6296,494,1.92,0.88,0.170,,
2025-05-11 0:50,3292,6,20,6315,15,1.92,0.75,0.006,,
2025-05-11 1:50,3295,9,28,6324,24,1.92,0.86,0.008,,
2025-05-11 2:50,3298,12,39,6334,34,1.92,0.87,0.012,,
2025-05-11 3:50,3301,15,43,6340,40,1.92,0.93,0.013,,
2025-05-11 4:50,3301,15,45,6341,41,1.92,0.91,0.014,,
2025-05-11 5:50,3303,17,48,6343,43,1.92,0.90,0.015,,
2025-05-11 6:50,3304,18,53,6346,46,1.92,0.87,0.016,,
2025-05-11 7:50,3307,21,64,6353,53,1.92,0.83,0.019,,
2025-05-11 8:50,3311,25,71,6359,59,1.92,0.83,0.021,,
2025-05-11 9:50,3322,36,89,6376,76,1.92,0.85,0.027,,
2025-05-11 10:50,3334,48,117,6390,90,1.92,0.77,0.035,,
2025-05-11 11:51,3341,55,136,6406,106,1.92,0.78,0.041,,
2025-05-11 12:50,3344,58,149,6421,121,1.92,0.81,0.045,,
2025-05-11 13:50,3356,70,172,6446,146,1.92,0.85,0.051,,
2025-05-11 14:50,3372,86,195,6469,169,1.92,0.87,0.058,,
2025-05-11 15:50,3377,91,215,6484,184,1.92,0.86,0.064,,
2025-05-11 16:50,3390,104,240,6506,206,1.92,0.86,0.071,,
2025-05-11 17:50,3394,108,256,6528,228,1.92,0.89,0.075,,
2025-05-11 18:50,3412,126,279,6553,253,1.92,0.91,0.082,,
2025-05-11 19:50,3422,136,300,6575,275,1.92,0.92,0.088,,
2025-05-11 20:50,3428,142,316,6599,299,1.93,0.95,0.092,,
2025-05-11 21:50,3438,152,336,6616,316,1.92,0.94,0.098,,
2025-05-11 22:50,3454,168,365,6639,339,1.92,0.93,0.106,,
2025-05-11 23:50,3465,179,393,6676,376,1.93,0.96,0.113,,
2025-05-12 0:50,3471,6,28,6700,21,1.93,0.75,0.008,,
2025-05-12 1:50,3475,10,39,6716,37,1.93,0.95,0.011,,
2025-05-12 2:50,3476,11,44,6724,45,1.93,1.02,0.013,,
2025-05-12 3:50,3476,11,44,6724,45,1.93,1.02,0.013,,
2025-05-12 4:50,3476,11,45,6732,53,1.94,1.18,0.013,,
2025-05-12 5:50,3478,13,48,6733,54,1.94,1.125,0.014,,
2025-05-12 6:50,3480,15,61,6738,59,1.94,0.97,0.018,,
2025-05-12 7:50,3488,23,83,6743,64,1.93,0.77,0.024,,
2025-05-12 8:50,3492,27,106,6748,69,1.93,0.65,0.030,,
2025-05-12 9:50,3505,40,144,6773,94,1.93,0.65,0.041,,
2025-05-12 10:50,3534,69,205,6827,148,1.93,0.72,0.058,,
2025-05-12 11:50,3572,107,278,6885,206,1.93,0.74,0.078,,
2025-05-12 12:50,3585,120,312,6935,256,1.93,0.82,0.087,,
2025-05-12 13:50,3605,140,356,6989,310,1.94,0.87,0.099,,
2025-05-12 14:50,3618,153,388,7041,362,1.95,0.93,0.107,,
2025-05-12 15:50,3629,164,413,7076,397,1.95,0.96,0.114,,
2025-05-12 16:50,3641,176,442,7099,420,1.95,0.95,0.121,,
2025-05-12 17:50,3653,188,473,7124,445,1.95,0.94,0.129,,
2025-05-12 18:50,3660,195,495,7152,473,1.95,0.96,0.135,,
2025-05-12 19:50,3668,203,515,7170,491,1.95,0.95,0.140,,
2025-05-12 20:50,3671,206,533,7186,507,1.96,0.95,0.145,,
2025-05-12 21:50,3678,213,557,7208,529,1.96,0.95,0.151,,
2025-05-12 22:50,3693,228,598,7244,565,1.96,0.94,0.162,,
2025-05-12 23:50,3701,236,624,7279,600,1.97,0.96,0.169,,
2025-05-13 0:50,3705,2,23,7303,16,1.97,0.70,0.006,,
2025-05-13 1:50,3705,2,29,7305,18,1.97,0.62,0.008,,
2025-05-13 2:52,3707,4,35,7311,24,1.97,0.69,0.009,,
2025-05-13 3:50,3708,5,37,7314,27,1.97,0.73,0.010,,
2025-05-13 4:50,3709,6,40,7316,29,1.97,0.73,0.011,,
2025-05-13 5:50,3710,7,45,7318,31,1.97,0.69,0.012,,
2025-05-13 6:50,3711,8,52,7320,33,1.97,0.63,0.014,,
2025-05-13 7:50,3716,13,76,7336,49,1.97,0.64,0.020,,
2025-05-13 8:50,3726,23,109,7378,91,1.98,0.83,0.029,,
2025-05-13 9:50,3733,30,144,7412,125,1.99,0.87,0.039,,
2025-05-13 10:50,3742,39,178,7457,170,1.99,0.96,0.048,,
2025-05-13 11:50,3751,48,211,7500,213,2.00,1.01,0.056,,
2025-05-13 12:50,3753,50,232,7519,232,2.00,1.00,0.062,,
2025-05-13 13:50,3756,53,253,7547,260,2.01,1.03,0.067,,
2025-05-13 14:50,3763,60,282,7574,287,2.01,1.02,0.075,,
2025-05-13 15:50,3769,66,303,7606,319,2.02,1.05,0.080,,
2025-05-13 16:50,3771,68,317,7624,337,2.02,1.06,0.084,,
2025-05-13 17:50,3776,73,333,7644,357,2.02,1.07,0.088,,
2025-05-13 18:50,3779,76,348,7657,370,2.03,1.06,0.092,,
2025-05-13 19:50,3780,77,353,7673,386,2.03,1.09,0.093,,
2025-05-13 20:50,3782,79,361,7690,403,2.03,1.12,0.095,,
2025-05-13 21:50,3788,85,379,7702,415,2.03,1.09,0.1,,
2025-05-13 22:50,3795,92,410,7719,432,2.03,1.05,0.108,,
2025-05-13 23:50,3796,93,428,7739,452,2.04,1.06,0.113,,
2025-05-14 0:50,3797,0,11,7752,10,2.04,0.91,0.003,,
2025-05-14 1:50,3801,4,24,7759,17,2.04,0.71,0.006,,
2025-05-14 2:50,3801,4,26,7769,27,2.04,1.04,0.007,,
2025-05-14 3:50,3801,4,28,7773,31,2.04,1.11,0.007,,
2025-05-14 4:50,3802,5,30,7776,34,2.05,1.13,0.008,,
2025-05-14 5:50,3802,5,34,7777,35,2.05,1.03,0.009,,
2025-05-14 6:50,3802,5,40,7781,39,2.05,0.98,0.011,,
2025-05-14 7:51,3802,5,58,7787,45,2.05,0.78,0.015,,
2025-05-14 9:50,3814,17,139,7839,97,2.06,0.70,0.036,,
2025-05-14 10:51,3830,33,197,7893,151,2.06,0.77,0.051,,
2025-05-14 11:51,3838,41,238,7926,184,2.07,0.77,0.062,,
2025-05-14 12:51,3845,48,268,7956,214,2.07,0.80,0.07,,
2025-05-14 13:51,3850,53,294,7995,253,2.08,0.86,0.076,,
2025-05-14 14:50,3852,55,314,8039,297,2.09,0.95,0.082,,
2025-05-14 15:51,3859,62,341,8074,332,2.09,0.97,0.088,,
2025-05-14 16:51,3861,64,351,8099,357,2.10,1.02,0.091,,
2025-05-14 17:50,3864,67,366,8114,372,2.10,1.02,0.095,,
2025-05-14 18:50,3876,79,389,8128,386,2.10,0.99,0.1,,
2025-05-14 19:50,3883,86,403,8136,394,2.10,0.98,0.104,,
2025-05-14 20:50,3887,90,423,8153,411,2.10,0.97,0.109,,
2025-05-14 22:51,3893,96,473,8198,456,2.11,0.96,0.122,,
2025-05-14 22:58,3893,96,476,8200,458,2.11,0.96,0.122,,
2025-05-14 23:52,3897,100,493,8228,486,2.11,0.99,0.127,,
2025-05-15 0:50,3901,4,33,8257,28,2.12,0.85,0.008,,
2025-05-15 1:50,3911,14,52,8285,56,2.12,1.08,0.013,,
2025-05-15 2:50,3919,22,64,8295,66,2.12,1.03,0.016,,
2025-05-15 3:50,3922,25,69,8301,72,2.12,1.04,0.018,,
2025-05-15 4:50,3923,26,74,8304,75,2.12,1.01,0.019,,
2025-05-15 5:50,3927,30,83,8308,79,2.12,0.95,0.021,,
2025-05-15 6:50,3936,39,105,8324,95,2.11,0.90,0.027,,
2025-05-15 7:50,3948,51,135,8352,123,2.12,0.91,0.034,,
2025-05-15 8:50,3955,58,176,8395,166,2.12,0.94,0.045,,
2025-05-15 9:50,3966,69,221,8433,204,2.13,0.92,0.056,,
2025-05-15 10:50,3983,86,274,8499,270,2.13,0.99,0.069,,
2025-05-15 11:50,3993,96,309,8547,318,2.14,1.03,0.077,,
2025-05-15 12:50,3998,101,333,8579,350,2.15,1.05,0.083,,
2025-05-15 13:50,4016,119,370,8625,396,2.15,1.07,0.092,,
2025-05-15 14:51,4025,128,404,8675,446,2.16,1.10,0.1,,
2025-05-15 15:50,4030,133,424,8710,481,2.16,1.13,0.105,,
2025-05-15 16:50,4036,139,451,8748,519,2.17,1.15,0.112,,
2025-05-15 17:50,4044,147,478,8781,552,2.17,1.15,0.118,,
2025-05-15 18:50,4051,154,497,8803,574,2.17,1.15,0.123,,
2025-05-15 19:50,4056,159,524,8829,600,2.18,1.15,0.129,,
2025-05-15 20:50,4058,161,542,8859,630,2.18,1.16,0.134,,
2025-05-15 21:50,4060,163,557,8885,656,2.19,1.18,0.137,,
2025-05-15 22:50,4064,167,576,8920,691,2.19,1.20,0.142,,
2025-05-15 23:50,4073,176,608,8960,731,2.20,1.20,0.149,,
2025-05-16 0:50,4080,5,30,8991,22,2.20,0.73,0.007,,
2025-05-16 1:50,4084,9,45,9004,35,2.20,0.78,0.011,,
2025-05-16 2:50,4084,9,51,9005,36,2.20,0.71,0.012,,
2025-05-16 3:50,4087,12,55,9010,41,2.20,0.75,0.013,,
2025-05-16 4:50,4089,14,61,9015,46,2.20,0.75,0.015,,
2025-05-16 5:50,4089,14,68,9023,54,2.21,0.79,0.017,,
2025-05-16 6:50,4090,15,80,9034,65,2.21,0.81,0.02,,
2025-05-16 7:50,4097,22,102,9052,83,2.21,0.81,0.025,,
2025-05-16 8:50,4113,38,157,9097,128,2.21,0.82,0.038,,
2025-05-16 9:51,4123,48,210,9129,160,2.21,0.76,0.051,,
2025-05-16 10:50,4136,61,262,9177,208,2.22,0.79,0.063,,
2025-05-16 11:50,4143,68,300,9214,245,2.22,0.82,0.072,,
2025-05-16 12:51,4152,77,334,9254,285,2.23,0.85,0.08,,
2025-05-16 14:51,4168,93,396,9347,378,2.24,0.95,0.095,,
2025-05-16 15:50,4171,96,417,9384,415,2.25,1.00,0.1,,
2025-05-16 16:50,4188,113,456,9432,463,2.25,1.02,0.109,,
2025-05-16 17:50,4208,133,498,9484,515,2.25,1.03,0.118,,
2025-05-16 18:50,4218,143,525,9532,563,2.26,1.07,0.124,,
2025-05-16 19:50,4229,154,548,9573,604,2.26,1.10,0.13,,
2025-05-16 20:50,4232,157,561,9594,625,2.27,1.11,0.133,,
2025-05-16 21:50,4240,165,585,9618,649,2.27,1.11,0.138,,
2025-05-16 22:50,4247,172,614,9650,681,2.27,1.11,0.145,,
2025-05-16 23:50,4258,183,634,9692,723,2.28,1.14,0.149,,
2025-05-17 0:50,4266,4,26,9714,19,2.28,0.73,0.006,,
2025-05-17 1:50,4270,8,38,9729,34,2.28,0.89,0.009,,
2025-05-17 2:50,4270,8,43,9736,41,2.28,0.95,0.01,,
2025-05-17 3:50,4271,9,47,9736,41,2.28,0.87,0.011,,
2025-05-17 4:50,4272,10,51,9741,46,2.28,0.90,0.012,,
2025-05-17 5:50,4274,12,55,9745,50,2.28,0.91,0.013,,
2025-05-17 6:50,4279,17,68,9752,57,2.28,0.84,0.016,,
2025-05-17 7:51,4282,20,82,9769,74,2.28,0.90,0.019,,
2025-05-17 8:50,4290,28,101,9784,89,2.28,0.88,0.024,,
2025-05-17 9:50,4295,33,115,9800,105,2.28,0.91,0.027,,
2025-05-17 10:50,4300,38,137,9814,119,2.28,0.87,0.032,,
2025-05-17 11:51,4306,44,164,9835,140,2.28,0.85,0.038,,
2025-05-17 12:51,4308,46,182,9849,154,2.29,0.85,0.042,,
2025-05-17 13:50,4312,50,195,9865,170,2.29,0.87,0.045,,
2025-05-17 14:50,4318,56,214,9889,194,2.29,0.91,0.05,,
2025-05-17 15:50,4323,61,230,9908,213,2.29,0.93,0.053,,
2025-05-17 16:50,4326,64,249,9936,241,2.30,0.97,0.058,,
2025-05-17 17:50,4332,70,265,9953,258,2.30,0.97,0.061,,
2025-05-17 19:50,4335,73,287,9968,273,2.30,0.95,0.066,,
2025-05-17 20:50,4337,75,294,9987,292,2.30,0.99,0.068,,
2025-05-17 21:50,4343,81,305,10005,310,2.30,1.02,0.07,,
2025-05-17 22:50,4352,90,332,10045,350,2.31,1.05,0.076,,
2025-05-17 23:50,4358,96,348,10081,386,2.31,1.11,0.08,,
2025-05-18 0:50,4361,3,10,10088,7,2.31,0.70,0.002,,
2025-05-18 1:50,4364,6,19,10099,18,2.31,0.95,0.004,,
2025-05-18 2:50,4364,6,21,10101,20,2.31,0.95,0.005,,
2025-05-18 3:50,4365,7,24,10102,21,2.31,0.88,0.005,,
2025-05-18 4:50,4365,7,25,10102,21,2.31,0.84,0.006,,
2025-05-18 5:50,4365,7,27,10102,21,2.31,0.78,0.006,,
2025-05-18 6:50,4367,9,35,10111,30,2.32,0.86,0.008,,
2025-05-18 7:50,4370,12,46,10129,48,2.32,1.04,0.011,,
2025-05-18 8:50,4372,14,65,10145,64,2.32,0.98,0.015,,
2025-05-18 9:50,4377,19,83,10165,84,2.32,1.01,0.019,,
2025-05-18 10:50,4381,23,101,10190,109,2.33,1.08,0.023,,
2025-05-18 11:50,4385,27,116,10205,124,2.33,1.07,0.026,,
2025-05-18 12:50,4389,31,134,10220,139,2.33,1.04,0.031,,
2025-05-18 13:50,4393,35,142,10241,160,2.33,1.13,0.032,,
2025-05-18 14:50,4397,39,157,10262,181,2.33,1.15,0.036,,
2025-05-18 15:50,4402,44,182,10285,204,2.34,1.12,0.041,,
2025-05-18 16:50,4406,48,193,10307,226,2.34,1.17,0.044,,
2025-05-18 17:50,4408,50,204,10323,242,2.34,1.19,0.046,,
2025-05-18 18:50,4411,53,218,10338,257,2.34,1.18,0.049,,
2025-05-18 19:50,4416,58,234,10362,281,2.35,1.20,0.053,,
2025-05-18 20:50,4422,64,254,10390,309,2.35,1.22,0.057,,
2025-05-18 21:50,4429,71,278,10422,341,2.35,1.23,0.063,,
2025-05-18 22:50,4438,80,317,10452,371,2.36,1.17,0.071,,
2025-05-18 23:50,4447,89,363,10487,406,2.36,1.12,0.082,,
2025-05-19 0:50,4450,3,30,10510,19,2.36,0.63,0.007,,
2025-05-19 1:50,4455,8,47,10525,34,2.36,0.72,0.011,,
2025-05-19 2:50,4455,8,51,10529,38,2.36,0.75,0.011,,
2025-05-19 3:50,4455,8,51,10529,38,2.36,0.75,0.011,,
2025-05-19 4:50,4455,8,53,10529,38,2.36,0.72,0.012,,
2025-05-19 5:50,4455,8,59,10534,43,2.36,0.73,0.013,,
2025-05-19 6:50,4458,11,80,10540,49,2.36,0.61,0.018,,
2025-05-19 7:50,4462,15,101,10549,58,2.36,0.57,0.023,,
2025-05-19 8:50,4467,20,128,10565,74,2.37,0.58,0.029,,
2025-05-19 9:50,4469,22,163,10582,91,2.37,0.56,0.036,,
2025-05-19 10:50,4473,26,184,10604,113,2.37,0.61,0.041,,
2025-05-19 11:50,4478,31,210,10621,130,2.37,0.62,0.047,,
2025-05-19 12:50,4481,34,229,10640,149,2.37,0.65,0.051,,
2025-05-19 14:50,4481,34,231,10643,152,2.38,0.66,0.052,,
2025-05-19 15:50,4503,56,295,10708,217,2.38,0.74,0.066,,
2025-05-19 16:50,4508,61,321,10733,242,2.38,0.75,0.071,,
2025-05-19 17:50,4511,64,345,10752,261,2.38,0.76,0.076,,
2025-05-19 18:50,4514,67,364,10770,279,2.39,0.77,0.081,,
2025-05-19 19:50,4516,69,375,10783,292,2.39,0.78,0.083,,
2025-05-19 20:50,4525,78,416,10831,340,2.39,0.82,0.092,,
2025-05-19 21:50,4532,85,461,10890,399,2.40,0.87,0.102,,
2025-05-19 22:50,4543,96,517,10940,449,2.41,0.87,0.114,,
2025-05-19 23:50,4547,100,547,10982,491,2.42,0.90,0.12,,
2025-05-20 0:50,4549,2,27,11005,16,2.42,0.59,0.006,,
2025-05-20 1:50,4550,3,38,11012,23,2.42,0.61,0.008,,
2025-05-20 2:50,4551,4,52,11019,30,2.42,0.58,0.011,,
2025-05-20 3:50,4552,5,57,11020,31,2.42,0.54,0.013,,
2025-05-20 4:50,4552,5,59,11025,36,2.42,0.61,0.013,,
2025-05-20 5:50,4552,5,67,11025,36,2.42,0.54,0.015,,
2025-05-20 6:50,4553,6,81,11029,40,2.42,0.49,0.018,,
2025-05-20 7:50,4558,11,112,11046,57,2.42,0.51,0.025,,
2025-05-20 8:50,4564,17,157,11070,81,2.43,0.52,0.034,,
2025-05-20 9:50,4568,21,210,11094,105,2.43,0.50,0.046,,
2025-05-20 10:51,4580,33,256,11141,152,2.43,0.59,0.056,,
2025-05-20 11:51,4585,38,280,11174,185,2.44,0.66,0.061,,
2025-05-20 12:50,4587,40,309,11213,224,2.44,0.72,0.067,,
2025-05-20 13:50,4589,42,332,11239,250,2.45,0.75,0.072,,
2025-05-20 14:50,4593,46,358,11270,281,2.45,0.78,0.078,,
2025-05-20 15:50,4597,50,384,11312,323,2.46,0.84,0.084,,
2025-05-20 16:50,4599,52,410,11335,346,2.46,0.84,0.089,,
2025-05-20 17:50,4608,61,435,11362,373,2.47,0.86,0.094,,
2025-05-20 18:50,4613,66,452,11381,392,2.47,0.87,0.098,,
2025-05-20 19:50,4615,68,470,11394,405,2.47,0.86,0.102,,
2025-05-20 20:50,4643,96,523,11443,454,2.46,0.87,0.113,,
2025-05-20 21:50,4679,132,602,11542,553,2.47,0.92,0.129,,
2025-05-20 22:50,4731,184,691,11641,652,2.46,0.94,0.146,,
2025-05-20 23:50,4762,215,747,11723,734,2.46,0.98,0.157,,
2025-05-21 0:50,4772,9,41,11760,26,2.46,0.63,0.009,,
2025-05-21 1:50,4779,16,60,11780,46,2.46,0.77,0.013,,
2025-05-21 2:50,4781,18,70,11790,56,2.47,0.80,0.015,,
2025-05-21 3:50,4783,20,77,11796,62,2.47,0.81,0.016,,
2025-05-21 4:50,4784,21,83,11799,65,2.47,0.78,0.017,,
2025-05-21 5:50,4784,21,89,11800,66,2.47,0.74,0.019,,
2025-05-21 6:50,4784,21,97,11801,67,2.47,0.69,0.02,,
2025-05-21 7:50,4784,21,115,11812,78,2.47,0.68,0.024,,
2025-05-21 8:50,4784,21,125,11817,83,2.47,0.66,0.026,,
2025-05-21 9:50,4803,40,179,11850,116,2.47,0.65,0.037,,
2025-05-21 10:51,4828,65,252,11901,167,2.46,0.66,0.052,,
2025-05-21 11:51,4840,77,303,11942,208,2.47,0.69,0.063,,
2025-05-21 12:50,4848,85,339,11971,237,2.47,0.70,0.07,,
2025-05-21 13:51,4849,86,343,11976,242,2.47,0.71,0.071,,
2025-05-21 14:50,4853,90,376,12011,277,2.47,0.74,0.077,,
2025-05-21 15:51,4864,101,408,12056,322,2.48,0.79,0.084,,
2025-05-21 16:50,4946,183,617,12136,402,2.45,0.65,0.125,,
2025-05-21 17:50,5011,248,779,12242,508,2.44,0.65,0.155,,
2025-05-21 18:50,5032,269,857,12284,550,2.44,0.64,0.17,,
2025-05-21 19:50,5056,293,914,12310,576,2.43,0.63,0.181,,
2025-05-21 20:50,5083,320,973,12354,620,2.43,0.64,0.191,,
2025-05-21 21:50,5104,341,1045,12390,656,2.43,0.63,0.205,,
2025-05-21 22:50,5127,364,1121,12459,725,2.43,0.65,0.219,,
2025-05-21 23:50,5146,383,1177,12538,804,2.44,0.68,0.229,,
2025-05-22 0:50,5170,17,68,12591,40,2.44,0.59,0.013,,
2025-05-22 1:50,5176,23,96,12607,56,2.44,0.58,0.019,,
2025-05-22 2:50,5182,29,115,12615,64,2.43,0.56,0.022,,
2025-05-22 3:50,5183,30,125,12624,73,2.44,0.58,0.024,,
2025-05-22 4:50,5185,32,138,12626,75,2.44,0.54,0.027,,
2025-05-22 5:50,5191,38,160,12633,82,2.43,0.51,0.031,,
2025-05-22 6:50,5204,51,196,12658,107,2.43,0.55,0.038,,
2025-05-22 7:50,5221,68,261,12690,139,2.43,0.53,0.05,,
2025-05-22 8:50,5235,82,345,12743,192,2.43,0.56,0.066,,
2025-05-22 9:50,5254,101,443,12801,250,2.44,0.56,0.084,,
2025-05-22 10:50,5274,121,530,12865,314,2.44,0.59,0.1,,
2025-05-22 11:50,5297,144,621,12948,397,2.44,0.64,0.117,,
2025-05-22 12:50,5308,155,670,12995,444,2.45,0.66,0.126,,
2025-05-22 13:50,5317,164,710,13032,481,2.45,0.68,0.134,,
2025-05-22 14:50,5332,179,761,13083,532,2.45,0.70,0.143,,
2025-05-22 15:50,5340,187,809,13133,582,2.46,0.72,0.151,,
2025-05-22 16:50,5358,205,885,13209,658,2.47,0.74,0.165,,
2025-05-22 17:50,5372,219,939,13259,708,2.47,0.75,0.175,,
2025-05-22 18:50,5379,226,966,13282,731,2.47,0.76,0.18,,
2025-05-22 19:50,5385,232,991,13298,747,2.47,0.75,0.184,,
2025-05-22 20:50,5390,237,1020,13325,774,2.47,0.76,0.189,,
2025-05-22 21:50,5402,249,1063,13360,809,2.47,0.76,0.197,,
2025-05-22 22:50,5427,274,1115,13412,861,2.47,0.77,0.205,,
2025-05-22 23:50,5432,279,1158,13482,931,2.48,0.80,0.213,,
2025-05-23 0:50,5440,6,53,13525,29,2.49,0.55,0.01,,
2025-05-23 1:50,5446,12,83,13544,48,2.49,0.58,0.015,,
2025-05-23 2:50,5448,14,91,13552,56,2.49,0.62,0.017,,
2025-05-23 3:50,5450,16,97,13554,58,2.49,0.60,0.018,,
2025-05-23 4:50,5451,17,106,13558,62,2.49,0.58,0.019,,
2025-05-23 5:50,5452,18,116,13562,66,2.49,0.57,0.021,,
2025-05-23 6:50,5457,23,144,13582,86,2.49,0.60,0.026,,
2025-05-23 7:50,5463,29,180,13601,105,2.49,0.58,0.033,,
2025-05-23 8:50,5469,35,251,13631,135,2.49,0.54,0.046,,
2025-05-23 9:50,5477,43,330,13661,165,2.49,0.50,0.06,,
2025-05-23 10:50,5493,59,422,13718,222,2.50,0.53,0.077,,
2025-05-23 11:50,5496,62,473,13757,261,2.50,0.55,0.086,,
2025-05-23 12:50,5501,67,516,13801,305,2.51,0.59,0.094,,
2025-05-23 13:50,5513,79,568,13866,370,2.52,0.65,0.103,,
2025-05-23 14:50,5522,88,609,13924,428,2.52,0.70,0.11,,
2025-05-23 15:50,5525,91,630,13969,473,2.53,0.75,0.114,,
2025-05-23 16:50,5542,108,704,14012,516,2.53,0.73,0.127,,
2025-05-23 17:50,5550,116,743,14050,554,2.53,0.75,0.134,,
2025-05-23 18:50,5557,123,771,14069,573,2.53,0.74,0.139,,
2025-05-23 19:50,5564,130,798,14085,589,2.53,0.74,0.143,,
2025-05-23 20:50,5567,133,822,14101,605,2.53,0.74,0.148,,
2025-05-23 21:50,5571,137,844,14116,620,2.53,0.73,0.151,,
2025-05-23 22:50,5578,144,864,14133,637,2.53,0.74,0.155,,
2025-05-23 23:50,5584,150,883,14158,662,2.54,0.75,0.158,,
2025-05-24 0:50,5594,10,32,14180,16,2.53,0.50,0.006,,
2025-05-24 1:50,5596,12,45,14183,19,2.53,0.42,0.008,,
2025-05-24 2:50,5600,16,59,14193,29,2.53,0.49,0.011,,
2025-05-24 3:50,5602,18,62,14193,29,2.53,0.47,0.011,,
2025-05-24 4:50,5604,20,68,14194,30,2.53,0.44,0.012,,
2025-05-24 5:50,5607,23,80,14195,31,2.53,0.39,0.014,,
2025-05-24 6:50,5609,25,86,14197,33,2.53,0.38,0.015,,
2025-05-24 7:50,5617,33,108,14210,46,2.53,0.43,0.019,,
2025-05-24 8:50,5628,44,139,14222,58,2.53,0.42,0.025,,
2025-05-24 9:50,5635,51,170,14246,82,2.53,0.48,0.03,,
2025-05-24 10:50,5640,56,197,14272,108,2.53,0.55,0.035,,
2025-05-24 11:50,5642,58,225,14290,126,2.53,0.56,0.04,,
2025-05-24 12:50,5649,65,255,14309,145,2.53,0.57,0.045,,
2025-05-24 13:50,5655,71,276,14332,168,2.53,0.61,0.049,,
2025-05-24 14:50,5679,95,331,14367,203,2.53,0.61,0.058,,
2025-05-24 15:50,5695,111,380,14425,261,2.53,0.69,0.067,,
2025-05-24 16:50,5701,117,412,14477,313,2.54,0.76,0.072,,
2025-05-24 17:50,5708,124,431,14501,337,2.54,0.78,0.076,,
2025-05-24 18:50,5715,131,460,14531,367,2.54,0.80,0.08,,
2025-05-24 19:50,5722,138,485,14561,397,2.54,0.82,0.085,,
2025-05-24 20:50,5725,141,506,14580,416,2.55,0.82,0.088,,
2025-05-24 21:50,5732,148,536,14617,453,2.55,0.85,0.094,,
2025-05-24 22:50,5740,156,580,14644,480,2.55,0.83,0.101,,
2025-05-24 23:50,5744,160,607,14682,518,2.56,0.85,0.106,,
2025-05-25 0:50,5745,1,22,14702,18,2.56,0.82,0.004,,
2025-05-25 1:50,5747,3,40,14714,30,2.56,0.75,0.007,,
2025-05-25 2:50,5747,3,42,14717,33,2.56,0.79,0.007,,
2025-05-25 3:50,5747,3,45,14720,36,2.56,0.80,0.008,,
2025-05-25 4:50,5747,3,45,14720,36,2.56,0.80,0.008,,
2025-05-25 5:50,5749,5,50,14723,39,2.56,0.78,0.009,,
2025-05-25 6:50,5749,5,61,14728,44,2.56,0.72,0.011,,
2025-05-25 7:50,5753,9,78,14739,55,2.56,0.71,0.014,,
2025-05-25 8:50,5757,13,95,14751,67,2.56,0.71,0.017,,
2025-05-25 9:50,5761,17,121,14767,83,2.56,0.69,0.021,,
2025-05-25 10:50,5783,39,197,14812,128,2.56,0.65,0.034,,
2025-05-25 11:50,5794,50,239,14851,167,2.56,0.70,0.041,,
2025-05-25 12:50,5801,57,274,14883,199,2.57,0.73,0.047,,
2025-05-25 13:50,5808,64,303,14910,226,2.57,0.75,0.052,,
2025-05-25 14:50,5820,76,336,14939,255,2.57,0.76,0.058,,
2025-05-25 16:50,5833,89,416,15025,341,2.58,0.82,0.071,,
2025-05-25 17:50,5843,99,452,15056,372,2.58,0.82,0.077,,
2025-05-25 18:50,5851,107,483,15078,394,2.58,0.82,0.083,,
2025-05-25 19:50,5857,113,505,15102,418,2.58,0.83,0.086,,
2025-05-25 20:50,5863,119,549,15140,456,2.58,0.83,0.094,,
2025-05-25 21:50,5875,131,597,15198,514,2.59,0.86,0.102,,
2025-05-25 22:50,5890,146,645,15254,570,2.59,0.88,0.11,,
2025-05-25 23:50,5894,150,684,15307,623,2.60,0.91,0.116,,
2025-05-26 0:50,5898,3,44,15343,31,2.60,0.70,0.007,,
2025-05-26 1:50,5899,4,61,15360,48,2.60,0.79,0.01,,
2025-05-26 2:50,5900,5,73,15374,62,2.61,0.85,0.012,,
2025-05-26 3:50,5900,5,76,15378,66,2.61,0.87,0.013,,
2025-05-26 4:50,5902,7,82,15380,68,2.61,0.83,0.014,,
2025-05-26 5:50,5903,8,86,15383,71,2.61,0.83,0.015,,
2025-05-26 6:50,5906,11,113,15402,90,2.61,0.80,0.019,,
2025-05-26 7:50,5910,15,150,15431,119,2.61,0.79,0.025,,
2025-05-26 8:50,5916,21,218,15449,137,2.61,0.63,0.037,,
2025-05-26 9:50,5921,26,291,15481,169,2.61,0.58,0.049,,
2025-05-26 10:50,5931,36,369,15541,229,2.62,0.62,0.062,,
2025-05-26 11:50,5936,41,444,15579,267,2.62,0.60,0.075,,
2025-05-26 12:50,5940,45,475,15619,307,2.63,0.65,0.08,,
2025-05-26 13:50,5948,53,535,15661,349,2.63,0.65,0.09,,
2025-05-26 14:50,5956,61,574,15699,387,2.64,0.67,0.096,,
2025-05-26 15:50,5969,74,637,15745,433,2.64,0.68,0.107,,
2025-05-26 16:50,5988,93,737,15807,495,2.64,0.67,0.123,,
2025-05-26 17:50,6004,109,801,15856,544,2.64,0.68,0.133,,
2025-05-26 18:50,6015,120,843,15891,579,2.64,0.69,0.14,,
2025-05-26 19:50,6021,126,880,15912,600,2.64,0.68,0.146,,
2025-05-26 20:50,6025,130,913,15943,631,2.65,0.69,0.152,,
2025-05-26 21:50,6037,142,976,15985,673,2.65,0.69,0.162,,
2025-05-26 22:50,6049,154,1041,16040,728,2.65,0.70,0.172,,
2025-05-26 23:50,6058,163,1083,16101,789,2.66,0.73,0.179,,
2025-05-27 0:50,6068,8,46,16146,36,2.66,0.78,0.008,,
2025-05-27 1:50,6070,10,62,16162,52,2.66,0.84,0.01,,
2025-05-27 2:50,6072,12,79,16171,61,2.66,0.77,0.013,,
2025-05-27 3:50,6073,13,88,16175,65,2.66,0.74,0.014,,
2025-05-27 4:50,6073,13,99,16177,67,2.66,0.68,0.016,,
2025-05-27 5:50,6073,13,108,16183,73,2.66,0.68,0.018,,
2025-05-27 6:50,6074,14,138,16200,90,2.67,0.65,0.023,,
2025-05-27 7:50,6085,25,194,16224,114,2.67,0.59,0.032,,
2025-05-27 8:50,6100,40,291,16277,167,2.67,0.57,0.048,,
2025-05-27 9:50,6109,49,388,16335,225,2.67,0.58,0.064,,
2025-05-27 10:50,6118,58,470,16402,292,2.68,0.62,0.077,,
2025-05-27 11:50,6131,71,523,16449,339,2.68,0.65,0.085,,
2025-05-27 12:50,6135,75,561,16488,378,2.69,0.67,0.091,,
2025-05-27 13:50,6148,88,621,16546,436,2.69,0.70,0.101,,
2025-05-27 14:50,6155,95,667,16598,488,2.70,0.73,0.108,,
2025-05-27 15:50,6157,97,705,16657,547,2.71,0.78,0.115,,
2025-05-27 16:50,6167,107,762,16696,586,2.71,0.77,0.124,,
2025-05-27 17:50,6173,113,799,16744,634,2.71,0.79,0.129,,
2025-05-27 18:50,6192,132,853,16787,677,2.71,0.79,0.138,,
2025-05-27 19:50,6201,141,892,16810,700,2.71,0.78,0.144,,
2025-05-27 20:50,6207,147,938,16837,727,2.71,0.78,0.151,,
2025-05-27 21:50,6216,156,984,16875,765,2.71,0.78,0.158,,
2025-05-27 22:50,6223,163,1032,16911,801,2.72,0.78,0.166,,
2025-05-27 23:50,6228,168,1066,16941,831,2.72,0.78,0.171,,
2025-05-28 0:50,6232,3,39,16968,13,2.72,0.33,0.006,,
2025-05-28 1:50,6234,5,57,16975,20,2.72,0.35,0.009,,
2025-05-28 2:50,6235,6,72,16982,27,2.72,0.38,0.012,,
2025-05-28 3:50,6235,6,73,16984,29,2.72,0.40,0.012,,
2025-05-28 4:50,6236,7,75,16988,33,2.72,0.44,0.012,,
2025-05-28 5:50,6237,8,88,16993,38,2.72,0.43,0.014,,
2025-05-28 6:50,6238,9,112,17002,47,2.73,0.42,0.018,,
2025-05-28 7:50,6239,10,149,17018,63,2.73,0.42,0.024,,
2025-05-28 8:50,6244,15,234,17059,104,2.73,0.44,0.037,,
2025-05-28 9:51,6260,31,341,17107,152,2.73,0.45,0.054,,
2025-05-28 10:50,6280,51,450,17192,237,2.74,0.53,0.072,,
2025-05-28 11:50,6292,63,520,17269,314,2.74,0.60,0.083,,
2025-05-28 12:50,6305,76,586,17325,370,2.75,0.63,0.093,,
2025-05-28 13:50,6314,85,647,17378,423,2.75,0.65,0.102,,
2025-05-28 14:50,6319,90,676,17404,449,2.75,0.66,0.107,,
2025-05-28 15:51,6328,99,723,17448,493,2.76,0.68,0.114,,
2025-05-28 16:51,6333,104,784,17484,529,2.76,0.67,0.124,,
2025-05-28 17:50,6340,111,820,17520,565,2.76,0.69,0.129,,
2025-05-28 18:50,6343,114,846,17554,599,2.77,0.71,0.133,,
2025-05-28 19:50,6347,118,879,17574,619,2.77,0.70,0.138,,
2025-05-28 20:50,6355,126,917,17609,654,2.77,0.71,0.144,,
2025-05-28 21:50,6360,131,970,17655,700,2.78,0.72,0.153,53056,
2025-05-28 22:50,6368,139,1025,17708,753,2.78,0.73,0.161,,
2025-05-28 23:50,6371,142,1051,17738,783,2.78,0.75,0.165,,
2025-05-29 0:50,6374,2,33,17761,20,2.79,0.61,0.005,,
2025-05-29 1:50,6376,4,46,17771,30,2.79,0.65,0.007,,
2025-05-29 2:50,6376,4,52,17773,32,2.79,0.62,0.008,,
2025-05-29 3:50,6376,4,57,17776,35,2.79,0.61,0.009,,
2025-05-29 4:50,6376,4,60,17778,37,2.79,0.62,0.009,,
2025-05-29 5:50,6380,8,71,17786,45,2.79,0.63,0.011,,
2025-05-29 6:50,6383,11,87,17794,53,2.79,0.61,0.014,,
2025-05-29 7:50,6384,12,120,17804,63,2.79,0.53,0.019,,
2025-05-29 8:51,6388,16,186,17839,98,2.79,0.53,0.029,,
2025-05-29 9:51,6395,23,266,17880,139,2.80,0.52,0.042,,
2025-05-29 10:50,6399,27,340,17921,180,2.80,0.53,0.053,,
2025-05-29 11:50,6418,46,412,17979,238,2.80,0.58,0.064,,
2025-05-29 12:50,6434,62,492,18031,290,2.80,0.59,0.076,,
2025-05-29 13:50,6477,105,639,18142,401,2.80,0.63,0.099,,
2025-05-29 14:50,6504,132,728,18238,497,2.80,0.68,0.112,,
2025-05-29 15:51,6521,149,787,18274,533,2.80,0.68,0.121,,
2025-05-29 16:51,6533,161,852,18343,602,2.81,0.71,0.13,,
2025-05-29 17:50,6548,176,895,18394,653,2.81,0.73,0.137,,
2025-05-29 18:50,6557,185,950,18432,691,2.81,0.73,0.145,,
2025-05-29 19:50,6563,191,992,18470,729,2.81,0.73,0.151,,
2025-05-29 20:50,6575,203,1036,18510,769,2.82,0.74,0.158,,
2025-05-29 21:50,6582,210,1075,18560,819,2.82,0.76,0.163,,
2025-05-29 22:50,6595,223,1140,18619,878,2.82,0.77,0.173,,
2025-05-29 23:50,6605,233,1185,18669,928,2.83,0.78,0.179,,
2025-05-30 0:50,6610,5,44,18705,25,2.83,0.57,0.007,57320,
2025-05-30 1:50,6615,10,68,18719,39,2.83,0.57,0.01,,
2025-05-30 2:50,6616,11,77,18721,41,2.83,0.53,0.012,,
2025-05-30 3:50,6617,12,81,18722,42,2.83,0.52,0.012,,
2025-05-30 4:50,6617,12,88,18723,43,2.83,0.49,0.013,,
2025-05-30 5:50,6618,13,101,18728,48,2.83,0.48,0.015,,
2025-05-30 6:50,6622,17,123,18736,56,2.83,0.46,0.019,,
2025-05-30 7:50,6629,24,183,18758,78,2.83,0.43,0.028,,
2025-05-30 8:50,6633,28,260,18794,114,2.83,0.44,0.039,,
2025-05-30 9:50,6642,37,335,18834,154,2.84,0.46,0.05,,
2025-05-30 10:50,6655,50,425,18890,210,2.84,0.49,0.064,,
2025-05-30 11:50,6664,59,481,18933,253,2.84,0.53,0.072,,
2025-05-30 12:50,6669,64,521,18966,286,2.84,0.55,0.078,,
2025-05-30 13:50,6674,69,568,19004,324,2.85,0.57,0.085,,
2025-05-30 14:50,6679,74,616,19043,363,2.85,0.59,0.092,,
2025-05-30 15:50,6685,80,653,19094,414,2.86,0.63,0.098,,
2025-05-30 16:50,6691,86,688,19134,454,2.86,0.66,0.103,,
2025-05-30 17:50,6698,93,723,19161,481,2.86,0.67,0.108,,
2025-05-30 18:50,6699,94,748,19187,507,2.86,0.68,0.112,,
2025-05-30 19:50,6703,98,767,19209,529,2.87,0.69,0.114,,
2025-05-30 20:50,6706,101,784,19231,551,2.87,0.70,0.117,,
2025-05-30 21:50,6708,103,816,19260,580,2.87,0.71,0.122,,
2025-05-30 22:50,6713,108,857,19295,615,2.87,0.72,0.128,,
2025-05-30 23:50,6718,113,881,19324,644,2.88,0.73,0.131,,
2025-05-31 0:50,6723,3,28,19348,18,2.88,0.64,0.004,,
2025-05-31 1:50,6723,3,41,19355,25,2.88,0.61,0.006,,
2025-05-31 2:50,6723,3,47,19359,29,2.88,0.62,0.007,,
2025-05-31 3:50,6724,4,51,19359,29,2.88,0.57,0.008,,
2025-05-31 4:50,6724,4,54,19359,29,2.88,0.54,0.008,,
2025-05-31 5:50,6724,4,57,19360,30,2.88,0.53,0.008,,
2025-05-31 6:50,6726,6,70,19367,37,2.88,0.53,0.01,,
2025-05-31 7:50,6731,11,84,19374,44,2.88,0.52,0.012,,
2025-05-31 8:50,6737,17,109,19386,56,2.88,0.51,0.016,,
2025-05-31 9:50,6742,22,139,19414,84,2.88,0.60,0.021,,
2025-05-31 10:50,6746,26,175,19447,117,2.88,0.67,0.026,,
2025-05-31 11:50,6752,32,208,19480,150,2.89,0.72,0.031,,
2025-05-31 12:50,6774,54,254,19517,187,2.88,0.74,0.037,,
2025-05-31 13:50,6781,61,279,19563,233,2.88,0.84,0.041,,
2025-05-31 14:50,6790,70,310,19594,264,2.89,0.85,0.046,,
2025-05-31 15:50,6800,80,341,19618,288,2.89,0.84,0.05,,
2025-05-31 16:50,6809,89,366,19663,333,2.89,0.91,0.054,,
2025-05-31 17:50,6814,94,399,19691,361,2.89,0.90,0.059,,
2025-05-31 18:50,6819,99,421,19714,384,2.89,0.91,0.062,,
2025-05-31 19:50,6824,104,439,19732,402,2.89,0.92,0.064,61888,4568
2025-05-31 20:50,6833,113,465,19753,423,2.89,0.91,0.068,,
2025-05-31 21:50,6837,117,484,19795,465,2.90,0.96,0.071,,
2025-05-31 22:50,6841,121,532,19833,503,2.90,0.95,0.078,,
2025-05-31 23:50,6851,131,562,19866,536,2.90,0.95,0.082,,
2025-06-01 0:50,6851,0,20,19888,16,2.90,0.80,0.003,,
2025-06-01 1:50,6852,1,35,19899,27,2.90,0.77,0.005,,
2025-06-01 2:50,6855,4,45,19905,33,2.90,0.73,0.007,,
2025-06-01 3:50,6856,5,50,19906,34,2.90,0.68,0.007,,
2025-06-01 4:50,6856,5,52,19907,35,2.90,0.67,0.008,,
2025-06-01 5:50,6857,6,56,19915,43,2.90,0.77,0.008,,
2025-06-01 6:50,6859,8,64,19919,47,2.90,0.73,0.009,,
2025-06-01 7:50,6867,16,86,19938,66,2.90,0.77,0.013,,
2025-06-01 8:50,6870,19,108,19953,81,2.90,0.75,0.016,,
2025-06-01 9:50,6874,23,133,19967,95,2.90,0.71,0.019,,
2025-06-01 10:50,6884,33,168,19998,126,2.90,0.75,0.024,,
2025-06-01 11:50,6887,36,196,20020,148,2.91,0.76,0.028,,
2025-06-01 12:50,6893,42,221,20041,169,2.91,0.76,0.032,,
2025-06-01 13:50,6894,43,252,20058,186,2.91,0.74,0.037,,
2025-06-01 14:50,6897,46,283,20091,219,2.91,0.77,0.041,,
2025-06-01 15:50,6901,50,304,20127,255,2.92,0.84,0.044,,
2025-06-01 16:50,6906,55,334,20155,283,2.92,0.85,0.048,,
2025-06-01 17:50,6916,65,366,20186,314,2.92,0.86,0.053,,
2025-06-01 18:50,6922,71,394,20219,347,2.92,0.88,0.057,,
2025-06-01 19:50,6926,75,424,20257,385,2.92,0.91,0.061,,
2025-06-01 20:50,6933,82,458,20298,426,2.93,0.93,0.066,,
2025-06-01 21:50,6939,88,499,20341,469,2.93,0.94,0.072,,
2025-06-01 22:50,6952,101,560,20404,532,2.93,0.95,0.081,,
2025-06-01 23:50,6960,109,603,20471,599,2.94,0.99,0.087,,
2025-06-02 0:50,6964,4,41,20498,19,2.94,0.46,0.006,,
2025-06-02 1:50,6967,7,61,20517,38,2.94,0.62,0.009,,
2025-06-02 2:50,6967,7,67,20529,50,2.95,0.75,0.01,,
2025-06-02 3:50,6967,7,74,20530,51,2.95,0.69,0.011,,
2025-06-02 4:50,6968,8,78,20532,53,2.95,0.68,0.011,,
2025-06-02 5:50,6969,9,83,20533,54,2.95,0.65,0.012,,
2025-06-02 6:50,6974,14,105,20547,68,2.95,0.65,0.015,,
2025-06-02 7:50,6975,15,135,20557,78,2.95,0.58,0.019,,
2025-06-02 8:51,6976,16,199,20578,99,2.95,0.50,0.029,,
2025-06-02 9:50,6979,19,272,20614,135,2.95,0.50,0.039,,
2025-06-02 10:50,6986,26,324,20662,183,2.96,0.56,0.046,,
2025-06-02 11:50,6990,30,377,20689,210,2.96,0.56,0.054,,
2025-06-02 12:50,6994,34,425,20725,246,2.96,0.58,0.061,,
2025-06-02 13:50,6995,35,470,20767,288,2.97,0.61,0.067,,
2025-06-02 14:50,7000,40,511,20818,339,2.97,0.66,0.073,,
2025-06-02 15:50,7011,51,561,20864,385,2.98,0.69,0.08,,
2025-06-02 16:50,7027,67,626,20926,447,2.98,0.71,0.089,,
2025-06-02 17:50,7029,69,657,20963,484,2.98,0.74,0.093,,
2025-06-02 18:50,7036,76,690,21002,523,2.98,0.76,0.098,,
2025-06-02 19:50,7040,80,714,21024,545,2.99,0.76,0.101,,
2025-06-02 20:50,7041,81,733,21042,563,2.99,0.77,0.104,,
2025-06-02 21:50,7047,87,772,21079,600,2.99,0.78,0.11,,
2025-06-02 22:50,7054,94,816,21131,652,3.00,0.80,0.116,,
2025-06-02 23:50,7060,100,846,21171,692,3.00,0.82,0.12,,
2025-06-03 0:50,7065,4,38,21189,13,3.00,0.34,0.005,,
2025-06-03 1:50,7066,5,44,21194,18,3.00,0.41,0.006,,
2025-06-03 2:50,7067,6,55,21199,23,3.00,0.42,0.008,,
2025-06-03 3:50,7067,6,58,21203,27,3.00,0.47,0.008,,
2025-06-03 4:50,7068,7,63,21205,29,3.00,0.46,0.009,,
2025-06-03 5:50,7068,7,75,21211,35,3.00,0.47,0.011,,
2025-06-03 6:50,7069,8,88,21228,52,3.00,0.59,0.012,,
2025-06-03 7:50,7073,12,111,21237,61,3.00,0.55,0.016,,
2025-06-03 8:50,7077,16,130,21257,81,3.00,0.62,0.018,,
2025-06-03 9:50,7080,19,161,21287,111,3.01,0.69,0.023,,
2025-06-03 10:50,7104,43,227,21329,153,3.00,0.67,0.032,,
2025-06-03 11:50,7141,80,304,21398,222,3.00,0.73,0.043,,
2025-06-03 12:50,7158,97,357,21434,258,2.99,0.72,0.05,,
2025-06-03 13:50,7182,121,408,21489,313,2.99,0.77,0.057,,
2025-06-03 14:50,7192,131,451,21549,373,3.00,0.83,0.063,,
2025-06-03 15:50,7197,136,487,21587,411,3.00,0.84,0.068,,
2025-06-03 16:50,7203,142,522,21620,444,3.00,0.85,0.072,,
2025-06-03 17:50,7212,151,556,21661,485,3.00,0.87,0.077,,
2025-06-03 18:50,7213,152,584,21695,519,3.01,0.89,0.081,,
2025-06-03 19:50,7219,158,608,21719,543,3.01,0.89,0.084,,
2025-06-03 20:50,7224,163,634,21745,569,3.01,0.90,0.088,,
2025-06-03 21:50,7233,172,677,21782,606,3.01,0.90,0.094,,
2025-06-03 22:50,7238,177,723,21831,655,3.02,0.91,0.1,,
2025-06-03 23:50,7247,186,767,21884,708,3.02,0.92,0.106,,
2025-06-04 0:50,7263,14,67,21937,46,3.02,0.69,0.009,,
2025-06-04 1:50,7268,19,88,21955,64,3.02,0.73,0.012,,
2025-06-04 2:50,7270,21,100,21961,70,3.02,0.70,0.014,,
2025-06-04 3:50,7273,24,109,21965,74,3.02,0.68,0.015,,
2025-06-04 4:50,7275,26,117,21968,77,3.02,0.66,0.016,,
2025-06-04 5:50,7277,28,129,21974,83,3.02,0.64,0.018,,
2025-06-04 6:50,7279,30,146,21979,88,3.02,0.60,0.02,,
2025-06-04 7:50,7283,34,201,22002,111,3.02,0.55,0.028,,
2025-06-04 8:50,7294,45,290,22040,149,3.02,0.51,0.04,,
2025-06-04 9:50,7304,55,389,22084,193,3.02,0.50,0.053,,
2025-06-04 10:50,7308,59,444,22129,238,3.03,0.54,0.061,,
2025-06-04 11:50,7314,65,495,22164,273,3.03,0.55,0.068,,
2025-06-04 12:50,7320,71,549,22199,308,3.03,0.56,0.075,,
2025-06-04 13:50,7331,82,610,22240,349,3.03,0.57,0.083,,
2025-06-04 14:50,7341,92,656,22281,390,3.04,0.59,0.089,,
2025-06-04 15:50,7349,100,707,22338,447,3.04,0.63,0.096,,
2025-06-04 16:50,7360,111,764,22391,500,3.04,0.65,0.104,,
2025-06-04 17:50,7379,130,835,22455,564,3.04,0.68,0.113,,
2025-06-04 18:50,7391,142,869,22497,606,3.04,0.70,0.118,,
2025-06-04 19:50,7398,149,910,22531,640,3.05,0.70,0.123,,
2025-06-04 20:50,7404,155,941,22571,680,3.05,0.72,0.127,,
2025-06-04 21:50,7414,165,993,22631,740,3.05,0.75,0.134,,
2025-06-04 22:50,7425,176,1051,22679,788,3.05,0.75,0.142,,
2025-06-04 23:50,7430,181,1097,22732,841,3.06,0.77,0.148,,
2025-06-05 0:50,7433,2,45,22767,24,3.06,0.53,0.006,,
2025-06-05 1:50,7433,2,77,22791,48,3.07,0.62,0.01,,
2025-06-05 2:50,7433,2,86,22800,57,3.07,0.66,0.012,,
2025-06-05 3:50,7434,3,93,22800,57,3.07,0.61,0.013,,
2025-06-05 4:50,7434,3,97,22800,57,3.07,0.59,0.013,,
2025-06-05 5:50,7434,3,108,22806,63,3.07,0.58,0.015,,
2025-06-05 6:50,7437,6,142,22816,73,3.07,0.51,0.019,,
2025-06-05 7:50,7437,6,186,22822,79,3.07,0.42,0.025,,
2025-06-05 8:50,7440,9,260,22845,102,3.07,0.39,0.035,,
2025-06-05 9:51,7445,14,347,22886,143,3.07,0.41,0.047,,
2025-06-05 10:50,7454,23,422,22938,195,3.08,0.46,0.057,,
2025-06-05 11:50,7457,26,485,22994,251,3.08,0.52,0.065,,
2025-06-05 12:50,7459,28,523,23026,283,3.09,0.54,0.07,,
2025-06-05 13:50,7464,33,569,23067,324,3.09,0.57,0.076,,
2025-06-05 14:50,7473,42,612,23123,380,3.09,0.62,0.082,,
2025-06-05 15:50,7488,57,676,23171,428,3.09,0.63,0.09,,
2025-06-05 16:50,7492,61,738,23224,481,3.10,0.65,0.099,,
2025-06-05 17:50,7494,63,772,23269,526,3.11,0.68,0.103,,
2025-06-05 18:50,7499,68,800,23286,543,3.11,0.68,0.107,,
2025-06-05 19:50,7501,70,828,23306,563,3.11,0.68,0.11,,
2025-06-05 20:51,7506,75,854,23321,578,3.11,0.68,0.114,,
2025-06-05 21:50,7513,82,897,23343,600,3.11,0.67,0.119,,
2025-06-05 22:50,7520,89,929,23371,628,3.11,0.68,0.124,,
2025-06-05 23:50,7524,93,955,23401,658,3.11,0.69,0.127,,
2025-06-06 0:50,7527,3,39,23420,15,3.11,0.38,0.005,,
2025-06-06 1:50,7527,3,57,23429,24,3.11,0.42,0.008,,
2025-06-06 2:50,7527,3,68,23437,32,3.11,0.47,0.009,,
2025-06-06 3:50,7527,3,73,23441,36,3.11,0.49,0.01,,
2025-06-06 4:50,7527,3,77,23441,36,3.11,0.47,0.01,,
2025-06-06 5:50,7527,3,85,23444,39,3.11,0.46,0.011,,
2025-06-06 6:50,7528,4,96,23447,42,3.11,0.44,0.013,,
2025-06-06 7:50,7529,5,116,23455,50,3.12,0.43,0.015,,
2025-06-06 8:50,7530,6,140,23466,61,3.12,0.44,0.019,,
2025-06-06 9:50,7535,11,174,23481,76,3.12,0.44,0.023,,
2025-06-06 10:50,7537,13,209,23499,94,3.12,0.45,0.028,,
2025-06-06 11:50,7541,17,234,23519,114,3.12,0.49,0.031,,
2025-06-06 12:50,7545,21,271,23550,145,3.12,0.54,0.036,,
2025-06-06 13:50,7546,22,290,23572,167,3.12,0.58,0.038,,
2025-06-06 14:50,7547,23,317,23596,191,3.13,0.60,0.042,,
2025-06-06 15:51,7551,27,355,23636,231,3.13,0.65,0.047,,
2025-06-06 16:50,7552,28,382,23671,266,3.13,0.70,0.051,,
2025-06-06 17:50,7556,32,406,23698,293,3.14,0.72,0.054,,
2025-06-06 18:50,7559,35,425,23713,308,3.14,0.72,0.056,,
2025-06-06 19:50,7563,39,446,23734,329,3.14,0.74,0.059,,
2025-06-06 20:50,7566,42,465,23755,350,3.14,0.75,0.061,,
2025-06-06 21:50,7567,43,487,23779,374,3.14,0.77,0.064,,
2025-06-06 22:50,7572,48,519,23809,404,3.14,0.78,0.069,,
2025-06-06 23:50,7573,49,543,23843,438,3.15,0.81,0.072,,
2025-06-07 0:50,7575,2,23,23872,19,3.15,0.83,0.003,,
2025-06-07 1:50,7575,2,38,23878,25,3.15,0.66,0.005,,
2025-06-07 2:50,7576,3,48,23883,30,3.15,0.63,0.006,,
2025-06-07 3:50,7576,3,52,23885,32,3.15,0.62,0.007,,
2025-06-07 4:50,7576,3,59,23885,32,3.15,0.54,0.008,,
2025-06-07 5:50,7577,4,66,23887,34,3.15,0.52,0.009,,
2025-06-07 6:50,7577,4,74,23895,42,3.15,0.57,0.01,,
2025-06-07 7:50,7577,4,86,23906,53,3.16,0.62,0.011,,
2025-06-07 8:50,7580,7,116,23924,71,3.16,0.61,0.015,,
2025-06-07 9:50,7582,9,146,23950,97,3.16,0.66,0.019,,
2025-06-07 10:50,7583,10,181,23972,119,3.16,0.66,0.024,,
2025-06-07 11:50,7585,12,211,24003,150,3.16,0.71,0.028,,
2025-06-07 12:50,7586,13,233,24031,178,3.17,0.76,0.031,,
2025-06-07 13:50,7588,15,260,24059,206,3.17,0.79,0.034,,
2025-06-07 14:50,7591,18,289,24088,235,3.17,0.81,0.038,,
2025-06-07 15:50,7593,20,319,24114,261,3.18,0.82,0.042,,
2025-06-07 16:50,7599,26,348,24140,287,3.18,0.82,0.046,,
2025-06-07 17:50,7602,29,372,24161,308,3.18,0.83,0.049,,
2025-06-07 18:50,7603,30,392,24186,333,3.18,0.85,0.052,,
2025-06-07 19:50,7605,32,417,24211,358,3.18,0.86,0.055,,
2025-06-07 20:50,7606,33,444,24230,377,3.19,0.85,0.058,,
2025-06-07 21:50,7607,34,465,24250,397,3.19,0.85,0.061,,
2025-06-07 22:50,7607,34,484,24272,419,3.19,0.87,0.064,,
2025-06-07 23:50,7609,36,502,24316,463,3.20,0.92,0.066,,
2025-06-08 0:50,7610,1,24,24332,12,3.20,0.50,0.003,,
2025-06-08 1:50,7612,3,39,24338,18,3.20,0.46,0.005,,
2025-06-08 2:50,7612,3,42,24341,21,3.20,0.50,0.006,,
2025-06-08 3:50,7612,3,45,24341,21,3.20,0.47,0.006,,
2025-06-08 4:50,7612,3,48,24341,21,3.20,0.44,0.006,,
2025-06-08 5:50,7612,3,54,24341,21,3.20,0.39,0.007,,
2025-06-08 6:50,7614,5,62,24345,25,3.20,0.40,0.008,,
2025-06-08 7:50,7614,5,76,24354,34,3.20,0.45,0.01,,
2025-06-08 8:50,7616,7,103,24385,65,3.20,0.63,0.014,,
2025-06-08 9:50,7616,7,129,24405,85,3.20,0.66,0.017,,
2025-06-08 10:50,7617,8,151,24417,97,3.21,0.64,0.02,,
2025-06-08 11:50,7620,11,177,24442,122,3.21,0.69,0.023,,
2025-06-08 12:50,7623,14,210,24474,154,3.21,0.73,0.028,,
2025-06-08 13:50,7628,19,236,24516,196,3.21,0.83,0.031,,
2025-06-08 14:50,7633,24,269,24535,215,3.21,0.80,0.035,,
2025-06-08 15:50,7640,31,306,24579,259,3.22,0.85,0.04,,
2025-06-08 16:50,7644,35,348,24628,308,3.22,0.89,0.046,,
2025-06-08 17:50,7645,36,377,24657,337,3.23,0.89,0.049,,
2025-06-08 18:50,7653,44,412,24693,373,3.23,0.91,0.054,,
2025-06-08 19:50,7658,49,439,24722,402,3.23,0.92,0.057,,
2025-06-08 20:50,7673,64,491,24772,452,3.23,0.92,0.064,,
2025-06-08 21:50,7685,76,556,24838,518,3.23,0.93,0.072,,
2025-06-08 22:50,7703,94,639,24910,590,3.23,0.92,0.083,,
2025-06-08 23:50,7715,106,695,24972,652,3.24,0.94,0.09,,
2025-06-09 0:50,7719,3,57,25026,42,3.24,0.74,0.007,,
2025-06-09 1:51,7721,5,80,25038,54,3.24,0.68,0.01,,
2025-06-09 2:50,7721,5,92,25052,68,3.24,0.74,0.012,,
2025-06-09 3:50,7721,5,96,25054,70,3.24,0.73,0.012,,
2025-06-09 4:50,7722,6,102,25057,73,3.24,0.72,0.013,,
2025-06-09 5:50,7723,7,114,25060,76,3.24,0.67,0.015,,
2025-06-09 6:50,7726,10,146,25074,90,3.25,0.62,0.019,,
2025-06-09 7:50,7732,16,203,25103,119,3.25,0.59,0.026,,
2025-06-09 8:50,7738,22,303,25135,151,3.25,0.50,0.039,,
2025-06-09 9:53,7739,23,382,25157,173,3.25,0.45,0.049,,
2025-06-09 10:50,7746,30,442,25193,209,3.25,0.47,0.057,,
2025-06-09 11:50,7752,36,496,25239,255,3.26,0.51,0.064,,
2025-06-09 12:50,7754,38,537,25280,296,3.26,0.55,0.069,,
2025-06-09 13:50,7758,42,590,25332,348,3.27,0.59,0.076,,
2025-06-09 14:50,7763,47,641,25368,384,3.27,0.60,0.083,,
2025-06-09 15:50,7766,50,687,25421,437,3.27,0.64,0.088,,
2025-06-09 16:50,7769,53,721,25445,461,3.28,0.64,0.093,,
2025-06-09 17:50,7772,56,766,25477,493,3.28,0.64,0.099,,
2025-06-09 18:50,7773,57,799,25500,516,3.28,0.65,0.103,,
2025-06-09 19:50,7784,68,849,25548,564,3.28,0.66,0.109,,
2025-06-09 20:50,7791,75,897,25575,591,3.28,0.66,0.115,,
2025-06-09 21:50,7806,90,979,25643,659,3.29,0.67,0.125,,
2025-06-09 22:50,7821,105,1056,25693,709,3.29,0.67,0.135,,
2025-06-09 23:50,7835,119,1127,25751,767,3.29,0.68,0.144,,
2025-06-10 0:51,7837,2,49,25792,31,3.29,0.63,0.006,,
2025-06-10 1:50,7842,7,79,25815,54,3.29,0.68,0.01,,
2025-06-10 2:50,7842,7,88,25819,58,3.29,0.66,0.011,,
2025-06-10 3:50,7842,7,94,25822,61,3.29,0.65,0.012,,
2025-06-10 4:50,7842,7,98,25825,64,3.29,0.65,0.012,,
2025-06-10 5:50,7842,7,107,25827,66,3.29,0.62,0.014,,
2025-06-10 6:50,7844,9,139,25838,77,3.29,0.55,0.018,,
2025-06-10 7:50,7848,13,201,25862,101,3.30,0.50,0.026,,
2025-06-10 8:50,7853,18,313,25901,140,3.30,0.45,0.04,,
2025-06-10 9:51,7862,27,384,25938,177,3.30,0.46,0.049,,
2025-06-10 10:50,7867,32,465,25997,236,3.30,0.51,0.059,,
2025-06-10 11:50,7873,38,519,26040,279,3.31,0.54,0.066,,
2025-06-10 12:50,7877,42,564,26073,312,3.31,0.55,0.072,,
2025-06-10 13:50,7907,72,659,26185,424,3.31,0.64,0.083,,
2025-06-10 14:51,7938,103,767,26326,565,3.32,0.74,0.097,,
2025-06-10 15:51,7958,123,838,26425,664,3.32,0.79,0.105,,
2025-06-10 16:51,7970,135,904,26515,754,3.33,0.83,0.113,,
2025-06-10 17:50,7985,150,956,26577,816,3.33,0.85,0.12,,
2025-06-10 18:50,7994,159,1009,26611,850,3.33,0.84,0.126,,
2025-06-10 19:50,7998,163,1053,26649,888,3.33,0.84,0.132,,
2025-06-10 20:50,8002,167,1096,26687,926,3.34,0.84,0.137,,
2025-06-10 21:50,8007,172,1148,26731,970,3.34,0.84,0.143,,
2025-06-10 22:50,8018,183,1217,26803,1042,3.34,0.86,0.152,,
2025-06-10 23:50,8029,194,1282,26887,1126,3.35,0.88,0.16,,
2025-06-11 0:50,8036,7,57,26925,28,3.35,0.49,0.007,,
2025-06-11 1:50,8039,10,78,26939,42,3.35,0.54,0.01,,
2025-06-11 2:50,8039,10,83,26940,43,3.35,0.52,0.01,,
2025-06-11 3:50,8039,10,92,26943,46,3.35,0.50,0.011,,
2025-06-11 4:50,8039,10,92,26943,46,3.35,0.50,0.011,,
2025-06-11 5:50,8039,10,92,26943,46,3.35,0.50,0.011,,
2025-06-11 6:51,8039,10,92,26943,46,3.35,0.50,0.011,,
2025-06-11 7:50,8039,10,92,26943,46,3.35,0.50,0.011,,
2025-06-11 8:51,8039,10,107,26947,50,3.35,0.47,0.013,,
2025-06-11 9:50,8050,21,212,27006,109,3.35,0.51,0.026,,
2025-06-11 10:51,8063,34,328,27103,206,3.36,0.63,0.041,,
2025-06-11 11:51,8080,51,428,27201,304,3.37,0.71,0.053,,
2025-06-11 12:50,8081,52,434,27203,306,3.37,0.71,0.054,,
2025-06-11 13:50,8081,52,434,27203,306,3.37,0.71,0.054,,
2025-06-11 14:50,8081,52,434,27203,306,3.37,0.71,0.054,,
2025-06-11 15:50,8081,52,434,27203,306,3.37,0.71,0.054,,
2025-06-11 16:50,8086,57,503,27258,361,3.37,0.72,0.062,,
2025-06-11 17:50,8089,60,584,27322,425,3.38,0.73,0.072,,
2025-06-11 18:50,8096,67,620,27358,461,3.38,0.74,0.077,,
2025-06-11 19:50,8101,72,661,27399,502,3.38,0.76,0.082,,
2025-06-11 20:50,8106,77,722,27445,548,3.39,0.76,0.089,,
2025-06-11 21:50,8113,84,795,27510,613,3.39,0.77,0.098,,
2025-06-11 22:50,8117,88,859,27597,700,3.40,0.81,0.106,,
2025-06-11 23:50,8125,96,919,27675,778,3.41,0.85,0.113,,
2025-06-12 0:50,8129,1,48,27710,27,3.41,0.56,0.006,,
2025-06-12 1:50,8130,2,72,27732,49,3.41,0.68,0.009,,
2025-06-12 2:50,8130,2,81,27738,55,3.41,0.68,0.01,,
2025-06-12 3:50,8130,2,89,27741,58,3.41,0.65,0.011,,
2025-06-12 4:50,8130,2,94,27745,62,3.41,0.66,0.012,,
2025-06-12 5:50,8131,3,110,27752,69,3.41,0.63,0.014,,
2025-06-12 6:50,8134,6,142,27761,78,3.41,0.55,0.017,,
2025-06-12 7:50,8134,6,207,27788,105,3.42,0.51,0.025,,
2025-06-12 8:50,8137,9,304,27828,145,3.42,0.48,0.037,,
2025-06-12 9:50,8141,13,402,27880,197,3.42,0.49,0.049,,
2025-06-12 10:50,8153,25,510,27924,241,3.42,0.47,0.063,,
2025-06-12 11:50,8161,33,598,27967,284,3.43,0.47,0.073,,
2025-06-12 12:50,8170,42,686,28029,346,3.43,0.50,0.084,,
2025-06-12 13:50,8182,54,757,28102,419,3.43,0.55,0.093,,
2025-06-12 14:50,8193,65,813,28163,480,3.44,0.59,0.099,,
2025-06-12 15:50,8208,80,884,28238,555,3.44,0.63,0.108,,
2025-06-12 16:50,8216,88,937,28283,600,3.44,0.64,0.114,,
2025-06-12 17:50,8223,95,981,28324,641,3.44,0.65,0.119,,
2025-06-12 18:50,8229,101,1021,28348,665,3.44,0.65,0.124,,
2025-06-12 19:50,8233,105,1056,28383,700,3.45,0.66,0.128,,
2025-06-12 20:50,8233,105,1093,28408,725,3.45,0.66,0.133,,
2025-06-12 21:50,8236,108,1143,28450,767,3.45,0.67,0.139,,
2025-06-12 22:50,8237,109,1187,28496,813,3.46,0.68,0.144,,
2025-06-12 23:50,8238,110,1234,28565,882,3.47,0.71,0.15,,
2025-06-13 0:50,8242,3,43,28586,14,3.47,0.33,0.005,,
2025-06-13 1:50,8242,3,63,28592,20,3.47,0.32,0.008,,
2025-06-13 2:50,8242,3,74,28597,25,3.47,0.34,0.009,,
2025-06-13 4:55,8242,3,86,28604,32,3.47,0.37,0.01,,
2025-06-13 4:58,8243,4,87,28606,34,3.47,0.39,0.011,,
2025-06-13 5:50,8243,4,98,28615,43,3.47,0.44,0.012,,
2025-06-13 6:50,8245,6,122,28626,54,3.47,0.44,0.015,,
2025-06-13 7:50,8247,8,183,28645,73,3.47,0.40,0.022,,
2025-06-13 8:50,8260,21,296,28681,109,3.47,0.37,0.036,,
2025-06-13 9:51,8265,26,384,28719,147,3.47,0.38,0.046,,
2025-06-13 10:50,8267,28,449,28762,190,3.48,0.42,0.054,,
2025-06-13 11:50,8272,33,496,28794,222,3.48,0.45,0.06,,
2025-06-13 12:50,8277,38,538,28823,251,3.48,0.47,0.065,,
2025-06-13 13:50,8280,41,577,28866,294,3.49,0.51,0.07,,
2025-06-13 14:50,8291,52,634,28908,336,3.49,0.53,0.076,,
2025-06-13 15:50,8302,63,684,28958,386,3.49,0.56,0.082,,
2025-06-13 16:50,8314,75,734,28997,425,3.49,0.58,0.088,,
2025-06-13 17:50,8319,80,787,29026,454,3.49,0.58,0.095,,
2025-06-13 18:50,8326,87,820,29051,479,3.49,0.58,0.098,,
2025-06-13 19:50,8330,91,851,29071,499,3.49,0.59,0.102,,
2025-06-13 20:50,8335,96,878,29090,518,3.49,0.59,0.105,,
2025-06-13 21:50,8338,99,909,29120,548,3.49,0.60,0.109,,
2025-06-13 22:50,8340,101,936,29146,574,3.49,0.61,0.112,,
2025-06-13 23:50,8342,103,963,29190,618,3.50,0.64,0.115,,
2025-06-14 0:51,8343,1,29,29210,18,3.50,0.62,0.003,,
2025-06-14 1:50,8344,2,44,29223,31,3.50,0.70,0.005,,
2025-06-14 2:50,8346,4,59,29236,44,3.50,0.75,0.007,,
2025-06-14 3:50,8348,6,67,29238,46,3.50,0.69,0.008,,
2025-06-14 4:50,8349,7,75,29238,46,3.50,0.61,0.009,,
2025-06-14 5:50,8351,9,81,29241,49,3.50,0.60,0.01,,
2025-06-14 6:50,8352,10,93,29243,51,3.50,0.55,0.011,,
2025-06-14 7:50,8355,13,108,29253,61,3.50,0.56,0.013,,
2025-06-14 8:50,8358,16,130,29270,78,3.50,0.60,0.016,,
2025-06-14 9:50,8358,16,160,29291,99,3.50,0.62,0.019,,
2025-06-14 10:50,8358,16,192,29317,125,3.51,0.65,0.023,,
2025-06-14 11:50,8361,19,224,29343,151,3.51,0.67,0.027,,
2025-06-14 12:50,8364,22,254,29363,171,3.51,0.67,0.03,,
2025-06-14 13:50,8367,25,297,29390,198,3.51,0.67,0.035,,
2025-06-14 14:50,8370,28,334,29409,217,3.51,0.65,0.04,,
2025-06-14 15:50,8376,34,369,29448,256,3.52,0.69,0.044,,
2025-06-14 16:50,8380,38,401,29479,287,3.52,0.72,0.048,,
2025-06-14 17:50,8385,43,440,29513,321,3.52,0.73,0.052,,
2025-06-14 18:50,8388,46,460,29534,342,3.52,0.74,0.055,,
2025-06-14 19:50,8390,48,475,29546,354,3.52,0.75,0.057,,
2025-06-14 20:50,8393,51,499,29569,377,3.52,0.76,0.059,,
2025-06-14 21:50,8394,52,533,29598,406,3.53,0.76,0.063,,
2025-06-14 22:50,8400,58,569,29629,437,3.53,0.77,0.068,,
2025-06-14 23:50,8401,59,594,29663,471,3.53,0.79,0.071,,
2025-06-15 0:50,8406,5,36,29694,22,3.53,0.61,0.004,,
2025-06-15 1:50,8406,5,53,29704,32,3.53,0.60,0.006,,
2025-06-15 2:50,8406,5,66,29715,43,3.53,0.65,0.008,,
2025-06-15 3:50,8406,5,70,29715,43,3.53,0.61,0.008,,
2025-06-15 4:50,8407,6,71,29715,43,3.53,0.61,0.008,,
2025-06-15 5:50,8407,6,74,29715,43,3.53,0.58,0.009,,
2025-06-15 6:50,8407,6,83,29720,48,3.54,0.58,0.01,,
2025-06-15 7:50,8410,9,97,29727,55,3.53,0.57,0.012,,
2025-06-15 8:50,8412,11,124,29740,68,3.54,0.55,0.015,,
2025-06-15 9:50,8415,14,160,29752,80,3.54,0.50,0.019,,
2025-06-15 10:51,8419,18,194,29768,96,3.54,0.49,0.023,,
2025-06-15 11:51,8420,19,225,29787,115,3.54,0.51,0.027,,
2025-06-15 12:50,8423,22,256,29814,142,3.54,0.55,0.03,,
2025-06-15 13:50,8427,26,296,29857,185,3.54,0.63,0.035,,
2025-06-15 14:50,8431,30,334,29890,218,3.55,0.65,0.04,,
2025-06-15 15:50,8435,34,365,29938,266,3.55,0.73,0.043,,
2025-06-15 16:50,8441,40,397,29961,289,3.55,0.73,0.047,,
2025-06-15 17:50,8443,42,423,29998,326,3.55,0.77,0.05,,
2025-06-15 18:50,8446,45,449,30023,351,3.55,0.78,0.053,,
2025-06-15 19:50,8449,48,484,30057,385,3.56,0.80,0.057,,
2025-06-15 20:50,8457,56,519,30105,433,3.56,0.83,0.061,,
2025-06-15 21:50,8460,59,562,30148,476,3.56,0.85,0.066,,
2025-06-15 22:50,8464,63,618,30212,540,3.57,0.87,0.073,,
2025-06-15 23:50,8468,67,673,30259,587,3.57,0.87,0.079,,
2025-06-16 0:50,8473,4,43,30290,20,3.57,0.47,0.005,,
2025-06-16 1:50,8474,5,57,30297,27,3.58,0.47,0.007,,
2025-06-16 2:50,8475,6,66,30306,36,3.58,0.55,0.008,,
2025-06-16 3:50,8475,6,73,30311,41,3.58,0.56,0.009,,
2025-06-16 4:50,8475,6,80,30313,43,3.58,0.54,0.009,,
2025-06-16 5:50,8475,6,88,30319,49,3.58,0.56,0.01,,
2025-06-16 6:50,8475,6,108,30327,57,3.58,0.53,0.013,,
2025-06-16 7:50,8477,8,152,30337,67,3.58,0.44,0.018,,
2025-06-16 8:50,8481,12,225,30354,84,3.58,0.37,0.027,,
2025-06-16 9:50,8484,15,316,30395,125,3.58,0.40,0.037,,
2025-06-16 10:50,8490,21,390,30437,167,3.59,0.43,0.046,,
2025-06-16 11:50,8500,31,468,30501,231,3.59,0.49,0.055,,
2025-06-16 12:50,8507,38,526,30542,272,3.59,0.52,0.062,,
2025-06-16 13:50,8511,42,590,30590,320,3.59,0.54,0.069,,
2025-06-16 14:50,8515,46,644,30651,381,3.60,0.59,0.076,,
2025-06-16 15:50,8523,54,703,30701,431,3.60,0.61,0.082,,
2025-06-16 16:50,8531,62,775,30759,489,3.61,0.63,0.091,,
2025-06-16 17:50,8541,72,824,30803,533,3.61,0.65,0.096,,
2025-06-16 18:50,8542,73,859,30829,559,3.61,0.65,0.101,,
2025-06-16 19:50,8547,78,899,30856,586,3.61,0.65,0.105,,
2025-06-16 20:50,8553,84,943,30890,620,3.61,0.66,0.11,,
2025-06-16 21:50,8557,88,1000,30939,669,3.62,0.67,0.117,,
2025-06-16 22:50,8569,100,1071,31024,754,3.62,0.70,0.125,,
2025-06-16 23:50,8576,107,1142,31105,835,3.63,0.73,0.133,,
2025-06-17 0:50,8580,3,56,31151,32,3.63,0.57,0.007,,
2025-06-17 1:50,8583,6,79,31163,44,3.63,0.56,0.009,,
2025-06-17 2:50,8584,7,94,31176,57,3.63,0.61,0.011,,
2025-06-17 3:50,8586,9,103,31182,63,3.63,0.61,0.012,,
2025-06-17 4:50,8586,9,109,31182,63,3.63,0.58,0.013,,
2025-06-17 5:50,8590,13,123,31192,73,3.63,0.59,0.014,,
2025-06-17 6:50,8591,14,146,31203,84,3.63,0.58,0.017,,
2025-06-17 7:50,8602,25,211,31236,117,3.63,0.55,0.025,,
2025-06-17 8:50,8616,39,345,31299,180,3.63,0.52,0.04,,
2025-06-17 9:51,8624,47,429,31346,227,3.63,0.53,0.05,,
2025-06-17 10:50,8635,58,505,31406,287,3.64,0.57,0.058,,
2025-06-17 11:50,8644,67,562,31471,352,3.64,0.63,0.065,,
2025-06-17 12:50,8653,76,616,31514,395,3.64,0.64,0.071,,
2025-06-17 13:51,8658,81,656,31555,436,3.64,0.66,0.076,,
2025-06-17 14:50,8662,85,705,31602,483,3.65,0.69,0.081,,
2025-06-17 15:50,8668,91,750,31640,521,3.65,0.69,0.087,,
2025-06-17 16:50,8672,95,798,31687,568,3.65,0.71,0.092,,
2025-06-17 17:50,8679,102,845,31739,620,3.66,0.73,0.097,,
2025-06-17 18:50,8683,106,878,31770,651,3.66,0.74,0.101,,
2025-06-17 19:50,8685,108,906,31797,678,3.66,0.75,0.104,,
2025-06-17 20:50,8689,112,946,31830,711,3.66,0.75,0.109,,
2025-06-17 21:50,8694,117,991,31874,755,3.67,0.76,0.114,,
2025-06-17 22:50,8696,119,1046,31924,805,3.67,0.77,0.12,,
2025-06-17 23:50,8700,123,1096,31973,854,3.68,0.78,0.126,,
2025-06-18 0:50,8704,3,59,32005,25,3.68,0.42,0.007,,
2025-06-18 1:50,8706,5,83,32016,36,3.68,0.43,0.01,,
2025-06-18 2:50,8707,6,98,32026,46,3.68,0.47,0.011,,
2025-06-18 3:50,8708,7,105,32028,48,3.68,0.46,0.012,,
2025-06-18 4:50,8709,8,112,32033,53,3.68,0.47,0.013,,
2025-06-18 5:50,8709,8,117,32038,58,3.68,0.50,0.013,,
2025-06-18 6:50,8711,10,143,32060,80,3.68,0.56,0.016,,
2025-06-18 7:50,8714,13,204,32084,104,3.68,0.51,0.023,,
2025-06-18 8:50,8718,17,315,32123,143,3.68,0.45,0.036,,
2025-06-18 9:50,8722,21,414,32174,194,3.69,0.47,0.047,,
2025-06-18 10:50,8731,30,506,32235,255,3.69,0.50,0.058,,
2025-06-18 11:50,8739,38,586,32288,308,3.69,0.53,0.067,,
2025-06-18 12:50,8740,39,624,32328,348,3.70,0.56,0.071,,
2025-06-18 13:50,8742,41,669,32380,400,3.70,0.60,0.077,,
2025-06-18 14:50,8745,44,723,32437,457,3.71,0.63,0.083,,
2025-06-18 15:50,8751,50,769,32472,492,3.71,0.64,0.088,,
2025-06-18 16:50,8757,56,827,32528,548,3.71,0.66,0.094,,
2025-06-18 17:50,8758,57,880,32563,583,3.72,0.66,0.1,,
2025-06-18 18:50,8763,62,922,32604,624,3.72,0.68,0.105,,
2025-06-18 19:50,8767,66,963,32637,657,3.72,0.68,0.11,,
2025-06-18 20:50,8768,67,991,32666,686,3.73,0.69,0.113,,
2025-06-18 21:50,8770,69,1032,32699,719,3.73,0.70,0.118,,
2025-06-18 22:50,8775,74,1086,32740,760,3.73,0.70,0.124,,
2025-06-18 23:50,8780,79,1125,32781,801,3.73,0.71,0.128,,
2025-06-19 0:50,8786,5,52,32817,29,3.74,0.56,0.006,,
2025-06-19 1:50,8788,7,85,32833,45,3.74,0.53,0.01,,
2025-06-19 2:50,8788,7,90,32845,57,3.74,0.63,0.01,,
2025-06-19 3:50,8789,8,101,32849,61,3.74,0.60,0.011,,
2025-06-19 4:51,8790,9,111,32854,66,3.74,0.59,0.013,,
2025-06-19 5:50,8792,11,124,32864,76,3.74,0.61,0.014,,
2025-06-19 6:50,8795,14,153,32880,92,3.74,0.60,0.017,,
2025-06-19 7:50,8797,16,212,32904,116,3.74,0.55,0.024,,
2025-06-19 8:50,8798,17,298,32929,141,3.74,0.47,0.034,,
2025-06-19 9:50,8806,25,395,32978,190,3.74,0.48,0.045,,
2025-06-19 10:50,8811,30,473,33036,248,3.75,0.52,0.054,,
2025-06-19 11:50,8818,37,535,33099,311,3.75,0.58,0.061,,
2025-06-19 12:50,8826,45,586,33145,357,3.76,0.61,0.066,,
2025-06-19 13:50,8828,47,635,33202,414,3.76,0.65,0.072,,
2025-06-19 14:50,8837,56,687,33244,456,3.76,0.66,0.078,,
2025-06-19 15:50,8842,61,736,33328,540,3.77,0.73,0.083,,
2025-06-19 16:50,8851,70,804,33395,607,3.77,0.75,0.091,,
2025-06-19 17:50,8854,73,846,33443,655,3.78,0.77,0.096,,
2025-06-19 18:50,8862,81,884,33480,692,3.78,0.78,0.1,,
2025-06-19 19:50,8863,82,928,33513,725,3.78,0.78,0.105,,
2025-06-19 20:50,8868,87,964,33558,770,3.78,0.80,0.109,,
2025-06-19 21:50,8874,93,1004,33595,807,3.79,0.80,0.113,,
2025-06-19 22:50,8877,96,1053,33649,861,3.79,0.82,0.119,,
2025-06-19 23:50,8880,99,1097,33706,918,3.80,0.84,0.124,,
2025-06-20 0:50,8884,3,52,33745,29,3.80,0.56,0.006,,
2025-06-20 1:50,8885,4,71,33761,45,3.80,0.63,0.008,,
2025-06-20 2:50,8886,5,78,33764,48,3.80,0.62,0.009,,
2025-06-20 3:50,8886,5,83,33766,50,3.80,0.60,0.009,,
2025-06-20 4:50,8886,5,92,33770,54,3.80,0.59,0.01,,
2025-06-20 5:50,8886,5,103,33774,58,3.80,0.56,0.012,,
2025-06-20 6:50,8886,5,121,33780,64,3.80,0.53,0.014,,
2025-06-20 7:50,8888,7,181,33802,86,3.80,0.48,0.02,,
2025-06-20 8:50,8891,10,276,33835,119,3.81,0.43,0.031,,
2025-06-20 9:50,8896,15,369,33887,171,3.81,0.46,0.041,,
2025-06-20 11:50,8937,56,603,34069,353,3.81,0.59,0.067,,
2025-06-20 12:50,8946,65,671,34138,422,3.82,0.63,0.075,,
2025-06-20 13:50,8965,84,754,34223,507,3.82,0.67,0.084,,
2025-06-20 14:50,8985,104,821,34280,564,3.82,0.69,0.091,,
2025-06-20 15:50,8999,118,873,34335,619,3.82,0.71,0.097,,
2025-06-20 16:50,9006,125,924,34397,681,3.82,0.74,0.103,,
2025-06-20 17:50,9016,135,970,34443,727,3.82,0.75,0.108,,
2025-06-20 18:50,9025,144,1016,34473,757,3.82,0.75,0.113,,
2025-06-20 19:50,9028,147,1047,34490,774,3.82,0.74,0.116,,
2025-06-20 20:50,9032,151,1074,34523,807,3.82,0.75,0.119,,
2025-06-20 21:50,9038,157,1113,34555,839,3.82,0.75,0.123,,
2025-06-20 22:50,9045,164,1158,34592,876,3.82,0.76,0.128,,
2025-06-20 23:50,9049,168,1195,34632,916,3.83,0.77,0.132,,
2025-06-21 0:50,9051,2,39,34656,21,3.83,0.54,0.004,,
2025-06-21 1:50,9053,4,68,34676,41,3.83,0.60,0.008,,
2025-06-21 2:50,9054,5,76,34682,47,3.83,0.62,0.008,,
2025-06-21 3:50,9054,5,80,34684,49,3.83,0.61,0.009,,
2025-06-21 4:50,9054,5,80,34685,50,3.83,0.63,0.009,,
2025-06-21 5:50,9056,7,89,34687,52,3.83,0.58,0.01,,
2025-06-21 6:50,9058,9,112,34699,64,3.83,0.57,0.012,,
2025-06-21 7:50,9059,10,127,34702,67,3.83,0.53,0.014,,
2025-06-21 8:50,9064,15,164,34720,85,3.83,0.52,0.018,,
2025-06-21 9:50,9067,18,202,34739,104,3.83,0.51,0.022,,
2025-06-21 10:50,9073,24,255,34770,135,3.83,0.53,0.028,,
2025-06-21 11:50,9078,29,304,34811,176,3.83,0.58,0.033,,
2025-06-21 12:50,9085,36,348,34850,215,3.84,0.62,0.038,,
2025-06-21 13:50,9089,40,385,34885,250,3.84,0.65,0.042,,
2025-06-21 14:50,9093,44,428,34921,286,3.84,0.67,0.047,,
2025-06-21 15:50,9095,46,464,34955,320,3.84,0.69,0.051,,
2025-06-21 16:50,9104,55,504,35002,367,3.84,0.73,0.055,,
2025-06-21 17:50,9112,63,531,35035,400,3.84,0.75,0.058,,
2025-06-21 18:50,9119,70,563,35073,438,3.85,0.78,0.062,,
2025-06-21 19:50,9120,71,587,35090,455,3.85,0.78,0.064,,
2025-06-21 20:50,9122,73,608,35108,473,3.85,0.78,0.067,,
2025-06-21 21:50,9126,77,632,35139,504,3.85,0.80,0.069,,
2025-06-21 22:50,9131,82,670,35182,547,3.85,0.82,0.073,,
2025-06-21 23:50,9134,85,699,35222,587,3.86,0.84,0.077,,
2025-06-22 0:50,9137,3,32,35236,13,3.86,0.41,0.004,,
2025-06-22 1:50,9140,6,52,35245,22,3.86,0.42,0.006,,
2025-06-22 2:50,9142,8,65,35251,28,3.86,0.43,0.007,,
2025-06-22 3:50,9143,9,72,35257,34,3.86,0.47,0.008,,
2025-06-22 4:50,9143,9,74,35258,35,3.86,0.47,0.008,,
2025-06-22 5:50,9143,9,81,35260,37,3.86,0.46,0.009,,
2025-06-22 6:50,9144,10,95,35265,42,3.86,0.44,0.01,,
2025-06-22 7:50,9146,12,112,35272,49,3.86,0.44,0.012,,
2025-06-22 8:50,9151,17,142,35286,63,3.86,0.44,0.016,,
2025-06-22 9:50,9156,22,178,35307,84,3.86,0.47,0.019,,
2025-06-22 10:50,9157,23,203,35323,100,3.86,0.49,0.022,,
2025-06-22 11:50,9162,28,239,35345,122,3.86,0.51,0.026,,
2025-06-22 12:50,9166,32,277,35361,138,3.86,0.50,0.03,,
2025-06-22 13:50,9170,36,307,35386,163,3.86,0.53,0.033,,
2025-06-22 14:50,9172,38,349,35420,197,3.86,0.56,0.038,,
2025-06-22 15:50,9175,41,381,35462,239,3.87,0.63,0.042,,
2025-06-22 16:50,9183,49,417,35499,276,3.87,0.66,0.045,,
2025-06-22 17:50,9185,51,458,35540,317,3.87,0.69,0.05,,
2025-06-22 18:50,9188,54,482,35558,335,3.87,0.70,0.052,,
2025-06-22 19:50,9192,58,514,35583,360,3.87,0.70,0.056,,
2025-06-22 20:50,9193,59,547,35621,398,3.87,0.73,0.06,,
2025-06-22 21:50,9200,66,588,35663,440,3.88,0.75,0.064,,
2025-06-22 22:50,9206,72,646,35715,492,3.88,0.76,0.07,,
2025-06-22 23:50,9212,78,687,35747,524,3.88,0.76,0.075,,
2025-06-23 0:50,9216,4,29,35768,14,3.88,0.48,0.003,,
2025-06-23 1:50,9216,4,44,35777,23,3.88,0.52,0.005,,
2025-06-23 2:50,9216,4,48,35781,27,3.88,0.56,0.005,,
2025-06-23 3:50,9217,5,54,35791,37,3.88,0.69,0.006,,
2025-06-23 4:50,9218,6,61,35792,38,3.88,0.62,0.007,,
2025-06-23 5:50,9218,6,68,35797,43,3.88,0.63,0.007,,
2025-06-23 6:50,9220,8,88,35810,56,3.88,0.64,0.01,,
2025-06-23 7:50,9222,10,141,35831,77,3.89,0.55,0.015,,
2025-06-23 8:50,9245,33,304,35927,173,3.89,0.57,0.033,,
2025-06-23 9:50,9261,49,446,36014,260,3.89,0.58,0.048,,
2025-06-23 10:50,9277,65,557,36130,376,3.89,0.68,0.06,,
2025-06-23 11:50,9286,74,653,36235,481,3.90,0.74,0.07,,
2025-06-23 12:50,9296,84,723,36313,559,3.91,0.77,0.078,,
2025-06-23 13:50,9300,88,782,36382,628,3.91,0.80,0.084,,
2025-06-23 14:50,9310,98,849,36472,718,3.92,0.85,0.091,,
2025-06-23 15:50,9318,106,911,36566,812,3.92,0.89,0.098,,
2025-06-23 16:50,9334,122,987,36643,889,3.93,0.90,0.106,,
2025-06-23 17:50,9344,132,1059,36719,965,3.93,0.91,0.113,,
2025-06-23 18:50,9353,141,1113,36759,1005,3.93,0.90,0.119,,
2025-06-23 19:50,9365,153,1180,36829,1075,3.93,0.91,0.126,,
2025-06-23 20:50,9380,168,1267,36918,1164,3.94,0.92,0.135,,
2025-06-23 21:50,9393,181,1349,37020,1266,3.94,0.94,0.144,,
2025-06-23 22:50,9410,198,1461,37126,1372,3.95,0.94,0.155,,
2025-06-23 23:50,9425,213,1534,37255,1501,3.95,0.98,0.163,,
2025-06-24 0:50,9435,8,91,37323,51,3.96,0.56,0.01,,
2025-06-24 1:50,9437,10,134,37366,94,3.96,0.70,0.014,,
2025-06-24 2:57,9439,12,147,37376,104,3.96,0.71,0.016,,
2025-06-24 3:50,9442,15,158,37380,108,3.96,0.68,0.017,,
2025-06-24 4:50,9443,16,165,37385,113,3.96,0.68,0.017,,
2025-06-24 5:50,9447,20,184,37394,122,3.96,0.66,0.019,,
2025-06-24 6:50,9455,28,239,37422,150,3.96,0.63,0.025,,
2025-06-24 7:50,9467,40,323,37474,202,3.96,0.63,0.034,,
2025-06-24 8:50,9479,52,479,37559,287,3.96,0.60,0.051,,
2025-06-24 9:50,9489,62,591,37634,362,3.97,0.61,0.062,,
2025-06-24 10:50,9501,74,687,37718,446,3.97,0.65,0.072,,
2025-06-24 11:50,9508,81,762,37802,530,3.98,0.70,0.08,,
2025-06-24 12:50,9513,86,818,37858,586,3.98,0.72,0.086,,
2025-06-24 13:50,9524,97,888,37953,681,3.98,0.77,0.093,,
2025-06-24 14:50,9528,101,944,38025,753,3.99,0.80,0.099,,
2025-06-24 15:50,9531,104,996,38078,806,4.00,0.81,0.105,,
2025-06-24 16:50,9538,111,1074,38129,857,4.00,0.80,0.113,,
2025-06-24 17:50,9549,122,1142,38200,928,4.00,0.81,0.12,,